,cod_ibge,qnt_produzida,uf
0,1200203,739.84,AC
1,1200336,360.96,AC
2,1200351,441.6,AC
3,1200393,262.4,AC
4,1200427,272.64,AC
5,1200302,320.0,AC
6,1200328,128.0,AC
7,1200609,480.0,AC
8,1200344,240.0,AC
9,1200435,161.92000000000002,AC
10,1200500,249.6,AC
11,1200013,896.0,AC
12,1200138,748.8000000000001,AC
13,1200179,320.0,AC
14,1200385,208.0,AC
15,1200807,259.2,AC
16,1200401,518.4,AC
17,1200450,240.0,AC
18,1200054,249.6,AC
19,1200104,192.0,AC
20,1200252,192.0,AC
21,1200708,480.0,AC
22,2104909,1320.96,MA
23,2106805,1282.56,MA
24,2101251,154.24,MA
25,2109601,163.84,MA
26,2108058,255.36,MA
27,2107605,1347.84,MA
28,2108306,48.0,MA
29,2108603,918.4,MA
30,2106375,43.52,MA
31,2100600,102.4,MA
32,2109551,71058.56,MA
33,2104008,126.08,MA
34,2105807,27.52,MA
35,2105948,226.56,MA
36,2108207,152.96,MA
37,2110302,226.56,MA
38,2112233,89.60000000000001,MA
39,2101608,884.48,MA
40,2104081,64.0,MA
41,2104099,204.8,MA
42,2104800,89.60000000000001,MA
43,2105351,230.4,MA
44,2105476,118.4,MA
45,2111805,108.8,MA
46,2112308,23185.920000000002,MA
47,2103802,200.32,MA
48,2104404,418.56,MA
49,2104503,58.88,MA
50,2109106,469.76,MA
51,2111250,51.84,MA
52,2110104,868.48,MA
53,2110609,1299.2,MA
54,2100808,1228.8,MA
55,2101731,57.6,MA
56,2102101,904.32,MA
57,2102200,155.52,MA
58,2103208,126.08,MA
59,2106409,629.76,MA
60,2106672,454.40000000000003,MA
61,2110401,208.0,MA
62,2112605,218.88,MA
63,2102754,570.24,MA
64,2103307,34150.4,MA
65,2103604,106.88,MA
66,2108454,76.16,MA
67,2112100,63.36,MA
68,2100105,108.8,MA
69,2100303,193536.0,MA
70,2103406,172166.4,MA
71,2103901,17963.52,MA
72,2102309,1804.8,MA
73,2103000,118099.84,MA
74,2106607,120.32000000000001,MA
75,2107803,2080.0,MA
76,2111078,71.68,MA
77,2112209,5866.88,MA
78,2101509,363.52,MA
79,2103505,348.16,MA
80,2105922,140.8,MA
81,2106706,6414.08,MA
82,2107704,1031.04,MA
83,2107902,1827.2,MA
84,2108009,3987.2000000000003,MA
85,2111102,870.4,MA
86,2111904,1931.52,MA
87,2111953,5354.24,MA
88,2102556,265132.16000000003,MA
89,2101400,189.44,MA
90,2104073,248.96,MA
91,2109502,49.28,MA
92,2101806,35.84,MA
93,2106102,198.4,MA
94,2107258,57.6,MA
95,2109700,126.72,MA
96,2110658,459.52,MA
97,2111607,803187.84,MA
98,3104502,13248.0,MG
99,3108206,215.04,MG
100,3109303,2764.8,MG
101,3122470,1440.0,MG
102,3126208,224.0,MG
103,3144375,76.8,MG
104,3170404,909440.0,MG
105,3170479,1920.0,MG
106,3108552,41888.0,MG
107,3128600,226.56,MG
108,3136306,1657344.0,MG
109,3137536,307.2,MG
110,3147006,1051200.0,MG
111,3153400,82880.0,MG
112,3161700,8396.8,MG
113,3170750,1664.0,MG
114,3171006,111.36,MG
115,3108255,9984.0,MG
116,3116159,128.0,MG
117,3117836,7872.0,MG
118,3130051,6720.0,MG
119,3132107,761.6,MG
120,3135209,11200.0,MG
121,3136959,345.6,MG
122,3139300,960.0,MG
123,3140852,1536.0,MG
124,3142254,960.0,MG
125,3142700,649.6,MG
126,3149150,268.8,MG
127,3150570,672.0,MG
128,3161106,4704.0,MG
129,3162450,960.0,MG
130,3170529,2355.2000000000003,MG
131,3124302,962.5600000000001,MG
132,3135050,629280.0,MG
133,3135100,224.0,MG
134,3139250,320.0,MG
135,3141009,76.8,MG
136,3142908,128.0,MG
137,3145059,853.12,MG
138,3152204,76.8,MG
139,3154507,384.0,MG
140,3166956,51.2,MG
141,3106655,211.20000000000002,MG
142,3120870,249.6,MG
143,3127073,1622.4,MG
144,3130655,7782.400000000001,MG
145,3143450,4032.0,MG
146,3144656,480.0,MG
147,3145372,3840.0,MG
148,3155603,26112.0,MG
149,3156502,1024.0,MG
150,3157005,6720.0,MG
151,3157377,672.0,MG
152,3160454,5376.0,MG
153,3162708,13056.0,MG
154,3168002,2252.8,MG
155,3170651,1904.0,MG
156,3109402,640.0,MG
157,3129608,422.40000000000003,MG
158,3135605,2304.0,MG
159,3137304,153.6,MG
160,3138104,1728.0,MG
161,3151206,1600.0,MG
162,3154457,4032.0,MG
163,3157609,172.8,MG
164,3164209,1120.0,MG
165,3170800,2688.0,MG
166,3108602,7168.0,MG
167,3111150,844.8000000000001,MG
168,3112703,2016.0,MG
169,3116506,1024.0,MG
170,3118809,19200.0,MG
171,3126703,1920.0,MG
172,3127354,192.0,MG
173,3129657,2688.0,MG
174,3135357,4032.0,MG
175,3136801,768.0,MG
176,3138658,2880.0,MG
177,3138682,1536.0,MG
178,3142007,1728.0,MG
179,3143302,5600.0,MG
180,3147956,672.0,MG
181,3152131,512.0,MG
182,3162252,2496.0,MG
183,3162401,4480.0,MG
184,3162658,1536.0,MG
185,3170008,6720.0,MG
186,3170909,2160.0,MG
187,3108503,1740.8,MG
188,3120300,960.0,MG
189,3127800,2688.0,MG
190,3132008,480.0,MG
191,3136579,153.6,MG
192,3146255,384.0,MG
193,3107307,5952.0,MG
194,3123809,4800.0,MG
195,3126604,384.0,MG
196,3128253,960.0,MG
197,3145455,3264.0,MG
198,3120102,563.2,MG
199,3121001,806.4,MG
200,3121605,2048.0,MG
201,3125408,2764.8,MG
202,3127602,1945.6000000000001,MG
203,3153301,2016.0,MG
204,3125507,1523.2,MG
205,3165909,4377.6,MG
206,3102852,456.32,MG
207,3104452,1280.0,MG
208,3106507,1680.0,MG
209,3112307,3072.0,MG
210,3113503,4480.0,MG
211,3116100,1536.0,MG
212,3126505,773.76,MG
213,3132503,3456.0,MG
214,3135456,450.56,MG
215,3136520,1766.4,MG
216,3138351,156.8,MG
217,3141801,10368.0,MG
218,3169703,4430.08,MG
219,3171071,1920.0,MG
220,3103405,5376.0,MG
221,3113008,2016.0,MG
222,3119500,1574.4,MG
223,3134004,1536.0,MG
224,3145307,7936.0,MG
225,3146305,2476.8,MG
226,3152170,1536.0,MG
227,3171600,1152.0,MG
228,3102704,1344.0,MG
229,3117009,480.0,MG
230,3133303,448.0,MG
231,3141405,1632.0,MG
232,3148707,1916.16,MG
233,3101706,994.5600000000001,MG
234,3105202,336.0,MG
235,3122454,499.2,MG
236,3125606,213.12,MG
237,3135803,1600.0,MG
238,3136009,732.16,MG
239,3136504,962.5600000000001,MG
240,3140555,57.6,MG
241,3143153,480.0,MG
242,3146750,50.56,MG
243,3158102,192.0,MG
244,3160306,1248.0,MG
245,3104700,1263.3600000000001,MG
246,3115458,1751.04,MG
247,3126752,2240.0,MG
248,3126802,1945.6000000000001,MG
249,3132305,2956.8,MG
250,3137007,2150.4,MG
251,3139201,1536.0,MG
252,3145356,512.0,MG
253,3146206,665.6,MG
254,3152402,3481.6,MG
255,3165552,2275.84,MG
256,3168606,5018.24,MG
257,3100906,896.0,MG
258,3113701,2876.8,MG
259,3120151,860.16,MG
260,3127057,576.0,MG
261,3138906,224.0,MG
262,3144300,36480.0,MG
263,3157658,416.0,MG
264,3166709,92224.0,MG
265,3170305,76.8,MG
266,3112604,319998.72000000003,MG
267,3129103,376448.0,MG
268,3131406,348160.0,MG
269,3134202,1740800.0,MG
270,3159803,1382400.0,MG
271,3103504,928.0,MG
272,3103751,597847.68,MG
273,3111804,819200.0,MG
274,3115003,268.8,MG
275,3115805,245760.0,MG
276,3130705,537.6,MG
277,3142809,195840.0,MG
278,3152808,583680.0,MG
279,3169604,713401.6,MG
280,3170206,446976.0,MG
281,3100104,322.56,MG
282,3119302,332.8,MG
283,3123502,512.0,MG
284,3143104,448.0,MG
285,3148103,245.76,MG
286,3128907,109.44,MG
287,3137502,179.20000000000002,MG
288,3148004,8160.0,MG
289,3155504,556.8000000000001,MG
290,3162104,5241.6,MG
291,3168903,307.2,MG
292,3111101,177600.0,MG
293,3114550,837297.92,MG
294,3116902,479680.0,MG
295,3127008,41932.8,MG
296,3127107,2723340.8000000003,MG
297,3133402,889075.2000000001,MG
298,3134400,1549897.6,MG
299,3138625,1279104.0,MG
300,3150703,614400.0,MG
301,3151602,418880.0,MG
302,3161304,692366.72,MG
303,3170438,410249.60000000003,MG
304,3100708,1144640.0,MG
305,3111408,1895280.0,MG
306,3117306,2275200.0,MG
307,3118205,972800.0,MG
308,3121258,218937.6,MG
309,3170107,5512640.0,MG
310,3171105,861120.0,MG
311,3104007,112000.0,MG
312,3145000,443904.0,MG
313,3149200,27264.0,MG
314,3149804,1290240.0,MG
315,3153004,309.76,MG
316,3156908,792000.0,MG
317,3157708,577926.4,MG
318,3100203,7680.0,MG
319,3107000,384.0,MG
320,3143500,341.12,MG
321,3146404,2240.0,MG
322,3152006,739200.0,MG
323,3169356,2150.4,MG
324,3104809,17600.0,MG
325,3109204,10240.0,MG
326,3119104,6448.0,MG
327,3120904,12038.4,MG
328,3125705,6336.0,MG
329,3136405,4229.12,MG
330,3143609,1420.8,MG
331,3153202,147.84,MG
332,3160603,518.4,MG
333,3103900,921.6,MG
334,3107406,94080.0,MG
335,3123205,768.0,MG
336,3124708,28224.0,MG
337,3135308,185920.0,MG
338,3137205,399840.0,MG
339,3138302,166.4,MG
340,3138807,729120.0,MG
341,3140506,1232.0,MG
342,3142403,34528.0,MG
343,3153707,76.8,MG
344,3105004,3584.0,MG
345,3109600,96.0,MG
346,3109907,896.0,MG
347,3118908,1830.4,MG
348,3126406,403.2,MG
349,3127206,819.2,MG
350,3131000,519.6800000000001,MG
351,3134608,4787.2,MG
352,3135704,7168.0,MG
353,3139706,704.0,MG
354,3146909,896.0,MG
355,3147402,3155.2000000000003,MG
356,3149606,86.4,MG
357,3153608,288.0,MG
358,3158508,2688.0,MG
359,3159001,170.24,MG
360,3167202,1036.8,MG
361,3102407,768.0,MG
362,3117504,4320.0,MG
363,3118106,3328.0,MG
364,3122603,1985.28,MG
365,3132800,396.8,MG
366,3143708,960.0,MG
367,3147501,806.4,MG
368,3156007,1113.6000000000001,MG
369,3160207,2912.0,MG
370,3160504,1920.0,MG
371,3164803,64.0,MG
372,3166501,480.0,MG
373,3167103,5063.68,MG
374,3126000,422.40000000000003,MG
375,3147105,1120.0,MG
376,3151404,6720.0,MG
377,3106705,950.4,MG
378,3109006,3897.6,MG
379,3110004,1331.2,MG
380,3124104,4224.0,MG
381,3130101,640.0,MG
382,3137601,164.48,MG
383,3140704,1082.88,MG
384,3154606,192.0,MG
385,3154804,89.60000000000001,MG
386,3156700,225.28,MG
387,3157807,288.0,MG
388,3102308,5713.92,MG
389,3105400,1889.28,MG
390,3107703,1031.68,MG
391,3115359,1094.4,MG
392,3121803,512.0,MG
393,3125903,10656.0,MG
394,3131703,3192.32,MG
395,3144706,1152.0,MG
396,3136603,1039.3600000000001,MG
397,3155702,512.0,MG
398,3157203,1459.2,MG
399,3158003,1760.0,MG
400,3161007,8186.88,MG
401,3161908,7744.0,MG
402,3163409,24192.0,MG
403,3168309,864.0,MG
404,3106408,965.12,MG
405,3108107,1263.3600000000001,MG
406,3120607,8403.2,MG
407,3132206,20716.8,MG
408,3133709,576.0,MG
409,3135407,736.0,MG
410,3142304,210.56,MG
411,3150406,921.6,MG
412,3155306,441.6,MG
413,3121704,640.0,MG
414,3131901,913.9200000000001,MG
415,3140001,1296.0,MG
416,3146107,1408.0,MG
417,3115409,1920.0,MG
418,3118007,204.8,MG
419,3121407,3102.7200000000003,MG
420,3123908,967.6800000000001,MG
421,3133907,2396.16,MG
422,3145901,345.6,MG
423,3159100,1408.0,MG
424,3108800,950.4,MG
425,3113800,674.5600000000001,MG
426,3116803,3544.32,MG
427,3122207,1408.0,MG
428,3123106,1792.0,MG
429,3127503,327.68,MG
430,3128006,1843.2,MG
431,3140605,1024.0,MG
432,3148400,179.20000000000002,MG
433,3156809,4838.400000000001,MG
434,3162807,4377.6,MG
435,3165503,201.6,MG
436,3171808,3072.0,MG
437,3100609,3584.0,MG
438,3112059,1670.4,MG
439,3126950,1203.84,MG
440,3136553,2417.92,MG
441,3148608,2457.6,MG
442,3158201,2713.6,MG
443,3163508,694.4,MG
444,3164100,332.8,MG
445,3164506,4864.0,MG
446,3110806,1856.0,MG
447,3112653,768.0,MG
448,3119203,1802.24,MG
449,3122108,3012.48,MG
450,3127305,1600.0,MG
451,3127701,3264.0,MG
452,3132701,2448.0,MG
453,3133204,57.6,MG
454,3135076,314.88,MG
455,3144201,38.4,MG
456,3144904,56.32,MG
457,3150000,83.84,MG
458,3161601,1548.8,MG
459,3161650,1664.0,MG
460,3163300,3379.2000000000003,MG
461,3169505,576.0,MG
462,3171907,864.0,MG
463,3115706,332.16,MG
464,3131802,128.64000000000001,MG
465,3139607,7035.52,MG
466,3141504,967.04,MG
467,3144672,19.2,MG
468,3161056,3029.76,MG
469,3162575,711.04,MG
470,3100500,3072.0,MG
471,3103009,645.12,MG
472,3106309,1920.0,MG
473,3131307,47.36,MG
474,3135001,245.76,MG
475,3136108,1574.4,MG
476,3140308,268.8,MG
477,3141702,960.0,MG
478,3144359,112.0,MG
479,3149952,851.2,MG
480,3158953,201.6,MG
481,3107802,5913.6,MG
482,3113404,5237.76,MG
483,3120003,1792.0,MG
484,3122504,307.2,MG
485,3123858,266.24,MG
486,3129301,609.28,MG
487,3130903,1536.0,MG
488,3131158,149.76,MG
489,3150158,248.96,MG
490,3150539,409.6,MG
491,3157252,128.0,MG
492,3168408,1152.0,MG
493,3170057,213.12,MG
494,3170578,170.88,MG
495,3101102,640.0,MG
496,3102209,489.6,MG
497,3117405,1248.0,MG
498,3118403,3520.0,MG
499,3120839,4913.92,MG
500,3127370,2269.44,MG
501,3131208,286.72,MG
502,3134103,327.68,MG
503,3144003,806.4,MG
504,3151909,403.2,MG
505,3154309,720.0,MG
506,3168051,2016.0,MG
507,3105103,529920.0,MG
508,3119807,3008.0,MG
509,3123403,14694.4,MG
510,3130309,302496.0,MG
511,3141306,27872.0,MG
512,3151503,288.0,MG
513,3164308,419.84000000000003,MG
514,3114204,940.8000000000001,MG
515,3116605,2368.0,MG
516,3117603,1313.28,MG
517,3122306,940.8000000000001,MG
518,3133808,241.28,MG
519,3145208,230.4,MG
520,3149705,416.0,MG
521,3160405,5915.52,MG
522,3164605,382.72,MG
523,3104205,152064.0,MG
524,3110400,89.60000000000001,MG
525,3119955,3627.52,MG
526,3126109,1290.24,MG
527,3133501,3072.0,MG
528,3146503,281.6,MG
529,3150505,1728.0,MG
530,3100807,1484.8,MG
531,3111200,1566.72,MG
532,3112000,1248.0,MG
533,3120201,19200.0,MG
534,3149903,4224.0,MG
535,3158805,384.0,MG
536,3108008,742.4,MG
537,3114006,4208.64,MG
538,3114501,1843.2,MG
539,3145604,766.08,MG
540,3147709,520.96,MG
541,3150604,3072.0,MG
542,3159902,499.2,MG
543,3161205,414.72,MG
544,3101904,29952.0,MG
545,3112802,851.2,MG
546,3115102,384.0,MG
547,3121209,95654.40000000001,MG
548,3126307,403.2,MG
549,3147907,342144.0,MG
550,3152907,940.8000000000001,MG
551,3162203,29760.0,MG
552,3162948,20880.0,MG
553,3104106,29120.0,MG
554,3109501,13888.0,MG
555,3128303,40320.0,MG
556,3128709,14848.0,MG
557,3132909,9152.0,MG
558,3134806,522.24,MG
559,3136900,2800.0,MG
560,3143005,145152.0,MG
561,3143203,47264.0,MG
562,3144102,336.0,MG
563,3145109,128.0,MG
564,3164704,90000.0,MG
565,3165107,46080.0,MG
566,3101607,225840.0,MG
567,3102001,17616.0,MG
568,3104304,101606.40000000001,MG
569,3114402,21024.0,MG
570,3117108,76.8,MG
571,3122405,29767.68,MG
572,3139003,12000.0,MG
573,3147204,128.0,MG
574,3151701,3028.48,MG
575,3166907,30720.0,MG
576,3107109,384.0,MG
577,3110905,537.6,MG
578,3111309,460.8,MG
579,3111606,1152.0,MG
580,3118700,1024.0,MG
581,3123601,819.2,MG
582,3128105,1632.0,MG
583,3142601,716.8000000000001,MG
584,3158300,38.4,MG
585,3169406,171.52,MG
586,3170701,224.0,MG
587,3102605,384.0,MG
588,3108404,1702.4,MG
589,3111002,4160.0,MG
590,3134905,10080.0,MG
591,3143401,640.0,MG
592,3146008,12595.2,MG
593,3159209,2016.0,MG
594,3108305,256.0,MG
595,3109105,1536.0,MG
596,3110608,368.64,MG
597,3117900,291.2,MG
598,3127404,160.0,MG
599,3143807,153.6,MG
600,3169109,384.0,MG
601,3113602,256.0,MG
602,3117207,225.28,MG
603,3117801,528.0,MG
604,3129202,704.0,MG
605,3159605,2240.0,MG
606,3162302,576.0,MG
607,3163201,483.84000000000003,MG
608,3169802,1792.0,MG
609,3115508,112.0,MG
610,3133105,78.72,MG
611,3137809,54.4,MG
612,3101201,2182.4,MG
613,3102803,6592.0,MG
614,3103603,480.0,MG
615,3107208,512.0,MG
616,3107505,212.48000000000002,MG
617,3114808,112.0,MG
618,3120805,1152.0,MG
619,3138500,153.6,MG
620,3141900,1280.0,MG
621,3147808,19.2,MG
622,3165305,1440.0,MG
623,3166402,552.96,MG
624,3167004,1049.6,MG
625,3108909,128.0,MG
626,3132404,436.48,MG
627,3139904,409.6,MG
628,3147303,3136.0,MG
629,3151008,288.0,MG
630,3171709,870.4,MG
631,3114600,1536.0,MG
632,3130408,174.08,MG
633,3134301,460.8,MG
634,3138203,1478.4,MG
635,3138708,291.84000000000003,MG
636,3144607,640.0,MG
637,3119708,2995.2000000000003,MG
638,3150307,1120.0,MG
639,3152709,5196.8,MG
640,3154200,774.4,MG
641,3156106,960.0,MG
642,3158706,524.8,MG
643,3162500,1177.6000000000001,MG
644,3165008,2240.0,MG
645,3168804,160.0,MG
646,3102902,128.0,MG
647,3105905,480.0,MG
648,3112208,2336.0,MG
649,3113107,1097.6000000000001,MG
650,3113206,675.84,MG
651,3121506,460.8,MG
652,3129400,179.20000000000002,MG
653,3154408,499.2,MG
654,3157302,1040.0,MG
655,3166204,3456.0,MG
656,3100401,1024.0,MG
657,3105707,5760.0,MG
658,3122702,739.2,MG
659,3128204,4128.0,MG
660,3135506,22937.600000000002,MG
661,3145851,25113.600000000002,MG
662,3150208,43769.6,MG
663,3152105,47520.0,MG
664,3154002,1584.0,MG
665,3154903,29324.8,MG
666,3155009,1728.0,MG
667,3157401,27968.0,MG
668,3160108,15190.4,MG
669,3164001,135180.8,MG
670,3165560,9216.0,MG
671,3170503,126182.40000000001,MG
672,3171154,691.2,MG
673,3100302,5529.6,MG
674,3102050,86.4,MG
675,3153509,230.4,MG
676,3112901,1008.0,MG
677,3116001,768.0,MG
678,3137700,288.0,MG
679,3138674,211.20000000000002,MG
680,3139409,134.4,MG
681,3140902,639.36,MG
682,3157906,249.6,MG
683,3158904,326.40000000000003,MG
684,3163607,615.6800000000001,MG
685,3167608,576.0,MG
686,3102100,17280.0,MG
687,3102506,2304.0,MG
688,3103702,256.0,MG
689,3108701,675.84,MG
690,3110202,106.88,MG
691,3111705,2592.0,MG
692,3124005,1843.2,MG
693,3137908,3264.0,MG
694,3148301,892.8000000000001,MG
695,3148806,1600.0,MG
696,3150802,2502.4,MG
697,3152303,1216.0,MG
698,3153103,1376.0,MG
699,3155207,13516.800000000001,MG
700,3166006,2560.0,MG
701,3171303,1344.0,MG
702,3103108,64.0,MG
703,3105509,345.6,MG
704,3113305,696.96,MG
705,3122009,694.4,MG
706,3124203,126.72,MG
707,3124906,1216.0,MG
708,3125309,374.40000000000003,MG
709,3125952,184.32,MG
710,3142106,935.04,MG
711,3142205,768.0,MG
712,3143906,1900.8,MG
713,3148202,166.4,MG
714,3149002,384.0,MG
715,3156452,134.4,MG
716,3161403,102.4,MG
717,3169208,2016.0,MG
718,3171402,588.8000000000001,MG
719,3121902,1630.72,MG
720,3123304,8064.0,MG
721,3128402,512.0,MG
722,3128808,268.8,MG
723,3129004,1280.0,MG
724,3141603,1920.0,MG
725,3161502,844.8000000000001,MG
726,3165701,3456.0,MG
727,3167301,1152.0,MG
728,3169000,896.0,MG
729,3169901,739.2,MG
730,3172004,14080.0,MG
731,3103306,1232.0,MG
732,3106101,499.2,MG
733,3106903,896.0,MG
734,3116209,1056.0,MG
735,3121308,1440.0,MG
736,3127388,506.88,MG
737,3128501,460.8,MG
738,3136702,1036.8,MG
739,3138609,1920.0,MG
740,3139805,3072.0,MG
741,3140209,432.0,MG
742,3140803,403.2,MG
743,3146602,1612.8,MG
744,3149408,30.080000000000002,MG
745,3155900,640.0,MG
746,3157278,432.0,MG
747,3159407,403.2,MG
748,3159308,1228.8,MG
749,3158607,384.0,MG
750,3160702,211.20000000000002,MG
751,3162906,1312.0,MG
752,3167509,128.0,MG
753,3124609,1272.96,MG
754,3138401,1408.0,MG
755,3146701,384.0,MG
756,3160009,330.88,MG
757,3172103,67.2,MG
758,5101407,4992.0,MT
759,5101902,796.16,MT
760,5103254,3843.84,MT
761,5103379,2688.0,MT
762,5105150,33280.0,MT
763,5104104,128.0,MT
764,5105606,128.0,MT
765,5106422,256.0,MT
766,5102637,1983475.2,MT
767,5102686,235372.80000000002,MT
768,5103304,542.72,MT
769,5103502,194549.76,MT
770,5105101,48.0,MT
771,5106802,160.0,MT
772,5107305,270144.0,MT
773,5105903,256.0,MT
774,5107925,95680.0,MT
775,5104559,192.0,MT
776,5106190,128.0,MT
777,5103858,480.0,MT
778,5106208,289.92,MT
779,5107065,76.8,MT
780,5106182,128.0,MT
781,5101704,2657484.16,MT
782,5103452,2221979.52,MT
783,5106232,945331.2000000001,MT
784,5106851,25190.4,MT
785,5107958,34401.92,MT
786,5101258,144.0,MT
787,5103957,118406.40000000001,MT
788,5105234,444652.16000000003,MT
789,5105622,343134.72000000003,MT
790,5107107,1006.72,MT
791,5101308,44800.0,MT
792,5107263,3712.0,MT
793,5100102,128.0,MT
794,5104906,14336.0,MT
795,5107701,544.0,MT
796,5103007,384.0,MT
797,5103403,2400.0,MT
798,5106109,2513.92,MT
799,5107800,11200.0,MT
800,5108402,512.0,MT
801,5101605,281.6,MT
802,5102504,50894.08,MT
803,5103437,210191.36000000002,MT
804,5106505,3840.0,MT
805,5102678,640.0,MT
806,5101209,720.0,MT
807,5104203,179.20000000000002,MT
808,5106703,512.0,MT
809,5107008,581.12,MT
810,5107198,512.0,MT
811,5104609,230400.0,MT
812,5104807,960.0,MT
813,5106372,3200.0,MT
814,5107602,1280.0,MT
815,5107297,230.4,MT
816,5100300,284160.0,MT
817,5100409,192.0,MT
818,5100607,1894400.0,MT
819,5006903,96.0,MS
820,5000708,320.0,MS
821,5001102,480.0,MS
822,5005608,460.8,MS
823,5002605,192.0,MS
824,5003306,256.0,MS
825,5007935,706303.36,MS
826,5002704,127745.92,MS
827,5003108,320.0,MS
828,5004908,528.0,MS
829,5007505,480.0,MS
830,5007901,264803.2,MS
831,5008008,256.0,MS
832,5002951,954996.48,MS
833,5003256,2218008.32,MS
834,5006275,1027159.68,MS
835,5001003,617072.0,MS
836,5006309,422400.0,MS
837,5007802,22008.32,MS
838,5002308,109152.0,MS
839,5007109,153.6,MS
840,5002001,395729.92,MS
841,5006200,2580859.52,MS
842,5007976,288663.04,MS
843,5002100,192.0,MS
844,5002159,300.8,MS
845,5002209,153.6,MS
846,5002803,448.0,MS
847,5004106,128.0,MS
848,5005004,800.0,MS
849,5005806,192.0,MS
850,5000609,68426.24,MS
851,5002407,954996.48,MS
852,5003702,801181.4400000001,MS
853,5003801,59019.520000000004,MS
854,5005152,773889.28,MS
855,5005251,152894.08000000002,MS
856,5005400,686616.96,MS
857,5006002,3537139.84,MS
858,5006606,1220342.4000000001,MS
859,5007208,4134355.2,MS
860,5008404,259101.44,MS
861,5000856,2105455.36,MS
862,5003454,198442.88,MS
863,5003751,227132.16,MS
864,5004007,83027.84,MS
865,5004304,271484.16000000003,MS
866,5004601,502291.2,MS
867,5004700,2319615.36,MS
868,5005103,1027901.4400000001,MS
869,5005707,704129.92,MS
870,5006259,435972.48,MS
871,1503002,64.0,PA
872,1503903,89.60000000000001,PA
873,1505106,153.6,PA
874,1505304,89.60000000000001,PA
875,1507979,64.0,PA
876,1500404,336.0,PA
877,1504752,64.0,PA
878,1504802,230.4,PA
879,1505650,140.8,PA
880,1506005,188.8,PA
881,1506807,192.0,PA
882,1500503,240.64000000000001,PA
883,1505908,446.72,PA
884,1503101,120.32000000000001,PA
885,1502806,78.08,PA
886,1501303,128.0,PA
887,1503200,576.0,PA
888,1507409,1920.0,PA
889,1500107,1920.0,PA
890,1503309,256.0,PA
891,1501006,102.4,PA
892,1503606,256.0,PA
893,1503754,160.0,PA
894,1505031,128.0,PA
895,1506195,384.0,PA
896,1508050,192.0,PA
897,1500602,768.0,PA
898,1501725,64.0,PA
899,1505486,384.0,PA
900,1507805,384.0,PA
901,1508357,115.2,PA
902,1500131,362.24,PA
903,1508126,647808.0,PA
904,1508407,115.2,PA
905,2502409,921.6,PB
906,2503704,128.0,PB
907,2514503,691.2,PB
908,2516904,134.4,PB
909,2510006,403.2,PB
910,2510907,512.0,PB
911,2512101,51.2,PB
912,2513208,960.0,PB
913,2514206,960.0,PB
914,2516201,230.4,PB
915,2510808,51.2,PB
916,2514404,92.16,PB
917,2500205,112.0,PB
918,2504207,307.2,PB
919,2502607,57.6,PB
920,2510204,64.0,PB
921,2510402,224.0,PB
922,2502102,128.0,PB
923,2504405,768.0,PB
924,2505303,134.4,PB
925,2505600,144.0,PB
926,2506608,134.4,PB
927,2507002,134.4,PB
928,2511004,153.6,PB
929,2513356,134.4,PB
930,2513505,128.0,PB
931,2514305,102.4,PB
932,2515708,134.4,PB
933,2503555,204.8,PB
934,2505402,61.44,PB
935,2506707,44.800000000000004,PB
936,2508000,588.8000000000001,PB
937,2512309,117.76,PB
938,2514552,1024.0,PB
939,2516607,294.40000000000003,PB
940,2516706,92.16,PB
941,2516003,576.0,PB
942,2500304,49920.0,PB
943,2500403,20160.0,PB
944,2501104,20800.0,PB
945,2501500,3600.0,PB
946,2511608,2080.0,PB
947,2515906,6720.0,PB
948,2500502,9920.0,PB
949,2500809,10240.0,PB
950,2501906,1296.0,PB
951,2505204,4800.0,PB
952,2505808,1120.0,PB
953,2506301,2816.0,PB
954,2511707,512.0,PB
955,2511806,3200.0,PB
956,2515609,1440.0,PB
957,2503803,2240.0,PB
958,2506905,3040.0,PB
959,2501401,45760.0,PB
960,2504033,69120.0,PB
961,2505238,28800.0,PB
962,2505279,23680.0,PB
963,2507101,70400.0,PB
964,2507309,97920.0,PB
965,2508901,316800.0,PB
966,2509057,122880.0,PB
967,2509305,137280.0,PB
968,2512721,9600.0,PB
969,2512903,364800.0,PB
970,2504900,221760.0,PB
971,2507903,130240.0,PB
972,2509107,86240.0,PB
973,2511509,6400.0,PB
974,2512762,1408.0,PB
975,2514453,2160.0,PB
976,2515005,3200.0,PB
977,2515302,384000.0,PB
978,2515971,2560.0,PB
979,2504603,16000.0,PB
980,2507507,1600.0,PB
981,2508604,63360.0,PB
982,2513703,492800.0,PB
983,2500601,70400.0,PB
984,2503001,24480.0,PB
985,2511202,633600.0,PB
986,2511905,21120.0,PB
987,4100608,88597.76,PR
988,4100905,287606.4,PR
989,4106704,146358.4,PR
990,4107108,96814.72,PR
991,4108908,336657.28,PR
992,4110300,155998.08000000002,PR
993,4111308,109253.12,PR
994,4112603,117031.04000000001,PR
995,4113502,230051.84,PR
996,4115002,180569.6,PR
997,4115903,279816.32,PR
998,4116505,117415.68000000001,PR
999,4117107,322707.2,PR
1000,4118006,312036.48,PR
1001,4118105,524157.44,PR
1002,4118303,229137.28,PR
1003,4118402,469923.2,PR
1004,4119707,41817.6,PR
1005,4123709,24936.96,PR
1006,4123956,128256.0,PR
1007,4124202,53811.840000000004,PR
1008,4124608,390382.72000000003,PR
1009,4124905,75619.2,PR
1010,4125902,58471.04,PR
1011,4126702,247152.0,PR
1012,4127304,297087.36,PR
1013,4106605,419064.96,PR
1014,4107256,51034.880000000005,PR
1015,4109906,231304.96,PR
1016,4111555,407376.0,PR
1017,4114708,61134.72,PR
1018,4115101,118039.04000000001,PR
1019,4117206,124567.68000000001,PR
1020,4126900,159298.56,PR
1021,4128104,360814.72000000003,PR
1022,4128807,44688.64,PR
1023,4105508,900048.0,PR
1024,4105607,359296.64,PR
1025,4109104,354508.16000000003,PR
1026,4110409,133100.8,PR
1027,4112405,129715.84,PR
1028,4113007,232631.68,PR
1029,4122602,818748.8,PR
1030,4125555,222138.24,PR
1031,4126108,467276.8,PR
1032,4126801,851195.52,PR
1033,4127908,512002.56,PR
1034,4108601,31214.08,PR
1035,4116109,199680.0,PR
1036,4101705,16000.0,PR
1037,4104303,192.0,PR
1038,4107504,30720.0,PR
1039,4107553,256.0,PR
1040,4107702,19888.0,PR
1041,4114005,76.8,PR
1042,4118808,7104.0,PR
1043,4122503,320.0,PR
1044,4127205,316160.0,PR
1045,4101150,1497.6000000000001,PR
1046,4102109,77541.12,PR
1047,4102208,26630.4,PR
1048,4103404,182224.0,PR
1049,4105102,363113.60000000003,PR
1050,4105904,735067.52,PR
1051,4108106,48072.32,PR
1052,4109203,196245.12,PR
1053,4110003,9454.08,PR
1054,4110904,175001.6,PR
1055,4111902,516674.56,PR
1056,4113601,310384.0,PR
1057,4113809,59011.200000000004,PR
1058,4114104,239544.96,PR
1059,4116307,97171.84,PR
1060,4116406,325859.2,PR
1061,4116901,226304.64,PR
1062,4120408,143120.64,PR
1063,4123402,128278.40000000001,PR
1064,4123600,142778.88,PR
1065,4124509,520796.16000000003,PR
1066,4128302,61884.8,PR
1067,4100806,112216.32,PR
1068,4108007,282381.44,PR
1069,4116000,140138.88,PR
1070,4120002,628714.24,PR
1071,4120333,107875.84,PR
1072,4107801,45235.840000000004,PR
1073,4111100,23457.28,PR
1074,4117404,27165.440000000002,PR
1075,4125308,21054.08,PR
1076,4114203,31508.48,PR
1077,4114807,29074.56,PR
1078,4115200,33024.0,PR
1079,4117503,116398.08,PR
1080,4101408,1106.56,PR
1081,4101507,1140.48,PR
1082,4103800,23978.88,PR
1083,4112108,111744.0,PR
1084,4113700,2720.0,PR
1085,4119657,9925.12,PR
1086,4122404,11678.08,PR
1087,4103206,330117.12,PR
1088,4113106,13628.16,PR
1089,4115507,113472.0,PR
1090,4101655,12053.12,PR
1091,4104402,489.6,PR
1092,4108700,1024.0,PR
1093,4117271,208.0,PR
1094,4125001,52560.0,PR
1095,4125803,167238.4,PR
1096,4101903,13996.800000000001,PR
1097,4117214,3866.2400000000002,PR
1098,4124707,2796.8,PR
1099,4126009,42725.76,PR
1100,4100103,29186.56,PR
1101,4101101,265697.28,PR
1102,4102406,479930.88,PR
1103,4106001,34090.88,PR
1104,4106407,127120.0,PR
1105,4111001,164075.52,PR
1106,4116604,44961.92,PR
1107,4117008,31445.760000000002,PR
1108,4121901,13388.800000000001,PR
1109,4123105,4444.16,PR
1110,4123907,160892.16,PR
1111,4124301,11414.4,PR
1112,4126405,2222.08,PR
1113,4102703,140236.80000000002,PR
1114,4103602,708282.88,PR
1115,4111803,1031622.4,PR
1116,4112900,20220.8,PR
1117,4121802,14272.0,PR
1118,4124103,225561.6,PR
1119,4106100,59840.0,PR
1120,4107009,2560.0,PR
1121,4107751,640.0,PR
1122,4109708,210240.0,PR
1123,4111704,10544.64,PR
1124,4112306,5404.16,PR
1125,4119202,3489.28,PR
1126,4104709,2832.0,PR
1127,4109005,38732.8,PR
1128,4112801,2816.0,PR
1129,4120705,3379.2000000000003,PR
1130,4122909,8467.2,PR
1131,4124004,2227.2000000000003,PR
1132,4125407,1190.4,PR
1133,4126603,11894.4,PR
1134,4127809,1717.1200000000001,PR
1135,4128500,544.0,PR
1136,4128534,9996.800000000001,PR
1137,4101606,33.28,PR
1138,4112009,41.6,PR
1139,4126306,748.8000000000001,PR
1140,4102000,1920.0,PR
1141,4107157,243.20000000000002,PR
1142,4107538,384.0,PR
1143,4108205,192.0,PR
1144,4108809,528.0,PR
1145,4110656,192.0,PR
1146,4112751,7680.0,PR
1147,4114609,5120.0,PR
1148,4115358,320.0,PR
1149,4115853,192.0,PR
1150,4117222,5120.0,PR
1151,4117453,499.2,PR
1152,4117909,1152.0,PR
1153,4118451,352.0,PR
1154,4120853,38.4,PR
1155,4123501,3072.0,PR
1156,4125456,1216.0,PR
1157,4125753,1680.0,PR
1158,4127403,1792.0,PR
1159,4127700,1920.0,PR
1160,4127957,384.0,PR
1161,4101051,896.0,PR
1162,4103057,1216.0,PR
1163,4103354,2432.0,PR
1164,4103453,160.0,PR
1165,4104055,126.08,PR
1166,4104600,2432.0,PR
1167,4104808,1824.0,PR
1168,4105003,320.0,PR
1169,4106308,373.12,PR
1170,4107124,1178.88,PR
1171,4109302,2511.36,PR
1172,4109757,405.12,PR
1173,4110052,78.72,PR
1174,4113452,473.6,PR
1175,4116703,152.32,PR
1176,4123824,405.12,PR
1177,4124020,379.52,PR
1178,4127858,405.12,PR
1179,4105300,3040.0,PR
1180,4108304,1996.8,PR
1181,4110953,112.0,PR
1182,4115606,921.6,PR
1183,4115804,665.6,PR
1184,4116059,768.0,PR
1185,4121257,307.2,PR
1186,4124053,576.0,PR
1187,4125704,1075.2,PR
1188,4126355,160.0,PR
1189,4128559,336.0,PR
1190,4101002,489.6,PR
1191,4102752,489.6,PR
1192,4104501,3392.0,PR
1193,4119004,665.6,PR
1194,4119806,1664.0,PR
1195,4120358,128.0,PR
1196,4121406,326.40000000000003,PR
1197,4123808,261.12,PR
1198,4102604,640.0,PR
1199,4103024,65.28,PR
1200,4103156,480.0,PR
1201,4106571,163.20000000000002,PR
1202,4107207,480.0,PR
1203,4107405,65.28,PR
1204,4107850,64.0,PR
1205,4108403,1632.0,PR
1206,4114351,320.0,PR
1207,4115408,489.6,PR
1208,4116950,256.0,PR
1209,4117255,652.8000000000001,PR
1210,4119251,128.0,PR
1211,4121604,192.0,PR
1212,4122800,816.0,PR
1213,4123006,326.40000000000003,PR
1214,4124400,998.4,PR
1215,4125209,816.0,PR
1216,4128609,665.6,PR
1217,4103222,512.0,PR
1218,4105409,1024.0,PR
1219,4106506,2560.0,PR
1220,4111209,128.0,PR
1221,4115309,256.0,PR
1222,4118501,1280.0,PR
1223,4126272,384.0,PR
1224,4126652,768.0,PR
1225,4128708,128.0,PR
1226,4113254,208.64000000000001,PR
1227,4117800,1248.0,PR
1228,4119608,537.6,PR
1229,4103958,30.72,PR
1230,4104428,96.0,PR
1231,4104451,163.20000000000002,PR
1232,4107546,257.28000000000003,PR
1233,4108452,31.36,PR
1234,4108650,65.28,PR
1235,4109401,96.0,PR
1236,4119301,64.0,PR
1237,4121752,33.28,PR
1238,4127965,99.84,PR
1239,4105706,51.2,PR
1240,4106456,44.800000000000004,PR
1241,4109658,51.2,PR
1242,4114401,128.0,PR
1243,4108957,99.2,PR
1244,4111407,1689.6000000000001,PR
1245,4120606,992.0,PR
1246,4102901,3584.0,PR
1247,4106803,1120.0,PR
1248,4118600,44.800000000000004,PR
1249,4118709,67.2,PR
1250,4120309,179.20000000000002,PR
1251,4128203,224.0,PR
1252,4125605,179.20000000000002,PR
1253,4100202,10752.0,PR
1254,4128633,128.0,PR
1255,4122206,1075.2,PR
1256,4101200,1386.24,PR
1257,4109500,836.48,PR
1258,4109609,819.84,PR
1259,4115705,32.0,PR
1260,4116208,3788.8,PR
1261,4118204,1653.76,PR
1262,4119954,60.160000000000004,PR
1263,2612554,74.88,PE
1264,2600104,76.8,PE
1265,2602506,56.32,PE
1266,2603900,102.4,PE
1267,2605608,307.2,PE
1268,2606903,40.32,PE
1269,2607703,153.6,PE
1270,2611533,89.60000000000001,PE
1271,2612471,6694.400000000001,PE
1272,2612802,153.6,PE
1273,2613602,80.64,PE
1274,2614402,230.4,PE
1275,2614600,70.4,PE
1276,2615706,4096.0,PE
1277,2615904,61.44,PE
1278,2605152,201.6,PE
1279,2609808,153.6,PE
1280,2611101,2912.0,PE
1281,2612604,640.0,PE
1282,2608057,64.0,PE
1283,2614808,153.6,PE
1284,2602605,57.6,PE
1285,2604106,268.8,PE
1286,2602209,22400.0,PE
1287,2605400,4032.0,PE
1288,2608107,71.68,PE
1289,2608909,14080.0,PE
1290,2609105,2048.0,PE
1291,2613800,16000.0,PE
1292,2603702,3200.0,PE
1293,2601300,11520.0,PE
1294,2602308,1920.0,PE
1295,2608701,8448.0,PE
1296,2610202,8960.0,PE
1297,2600708,320000.0,PE
1298,2602704,96000.0,PE
1299,2603603,73920.0,PE
1300,2604007,74880.0,PE
1301,2604601,70400.0,PE
1302,2605509,115200.0,PE
1303,2606200,362668.8,PE
1304,2607653,576000.0,PE
1305,2607802,172800.0,PE
1306,2608453,22400.0,PE
1307,2608503,100064.0,PE
1308,2609006,57600.0,PE
1309,2609501,138583.04,PE
1310,2610608,195200.0,PE
1311,2615300,179200.0,PE
1312,2615508,145067.52,PE
1313,2616308,256000.0,PE
1314,2604403,91200.64,PE
1315,2606101,57600.0,PE
1316,2611309,25600.0,PE
1317,2616407,223165.44,PE
1318,2600401,70656.0,PE
1319,2600906,232320.0,PE
1320,2601409,61440.0,PE
1321,2601508,4099.2,PE
1322,2604205,39109.76,PE
1323,2604809,30720.0,PE
1324,2605202,518400.0,PE
1325,2605905,320000.0,PE
1326,2607950,23040.0,PE
1327,2608206,40480.0,PE
1328,2609204,25600.0,PE
1329,2610004,42681.6,PE
1330,2611408,304000.0,PE
1331,2611507,43680.0,PE
1332,2611804,568320.0,PE
1333,2611903,358400.0,PE
1334,2612901,9600.0,PE
1335,2613404,2242.56,PE
1336,2614204,1190400.0,PE
1337,2614857,55744.0,PE
1338,2616506,59488.0,PE
1339,2601052,39913.6,PE
1340,2606804,210808.32,PE
1341,2607752,60784.64,PE
1342,2607901,320000.0,PE
1343,2609402,268800.0,PE
1344,2613701,258544.0,PE
1345,2602902,307200.0,PE
1346,2607208,1056000.0,PE
1347,2201200,1536.0,PI
1348,2201507,245.76,PI
1349,2201770,11264.0,PI
1350,2206209,83251.84,PI
1351,2208403,240.0,PI
1352,2202703,268.8,PI
1353,2204659,960.0,PI
1354,2208304,232.96,PI
1355,2209872,320.0,PI
1356,2200400,152.32,PI
1357,2202737,152.32,PI
1358,2203305,57.6,PI
1359,2205508,196169.6,PI
1360,2206407,117.76,PI
1361,2211001,110330.88,PI
1362,2211100,265941.76,PI
1363,2200301,224.0,PI
1364,2201051,160.0,PI
1365,2202406,64.0,PI
1366,2202604,3785.6,PI
1367,2203420,179.20000000000002,PI
1368,2206357,64.0,PI
1369,2207900,323.84000000000003,PI
1370,2210409,3307.52,PI
1371,2200509,2880.0,PI
1372,2200608,614.4,PI
1373,2201408,1135.3600000000001,PI
1374,2205250,118.4,PI
1375,2207504,155.52,PI
1376,2204709,4723.2,PI
1377,2211308,1120.0,PI
1378,2211407,98.56,PI
1379,2201150,201.6,PI
1380,2208908,2108.16,PI
1381,2209203,422.40000000000003,PI
1382,2211209,352.0,PI
1383,2200806,102.4,PI
1384,2205607,38.4,PI
1385,2204501,537.6,PI
1386,2207850,153.6,PI
1387,2209005,184.32,PI
1388,2200459,1536.0,PI
1389,2201903,144.0,PI
1390,2203230,1008.0,PI
1391,2207405,9984.0,PI
1392,2208700,337.92,PI
1393,2209302,96.0,PI
1394,2204550,25.6,PI
1395,2207355,336.0,PI
1396,2202901,448.0,PI
1397,2205524,480.0,PI
1398,2201804,80.0,PI
1399,2202778,99.84,PI
1400,2204808,124.16,PI
1401,2207009,148.48,PI
1402,2207553,192.0,PI
1403,2208007,921.6,PI
1404,2209104,179.20000000000002,PI
1405,2209856,64.0,PI
1406,3302056,10688.0,RJ
1407,3302106,3200.0,RJ
1408,3301009,1024000.0,RJ
1409,3301157,1920.0,RJ
1410,3304805,3520.0,RJ
1411,3304755,384000.0,RJ
1412,3305000,1344.0,RJ
1413,3301405,480.0,RJ
1414,3304151,9600.0,RJ
1415,3303708,585.6,RJ
1416,3305406,560.0,RJ
1417,3306008,176.0,RJ
1418,3304607,160.0,RJ
1419,3301306,266.88,RJ
1420,3305604,256.0,RJ
1421,3300209,94581.12,RJ
1422,3300704,61568.0,RJ
1423,3305208,21952.0,RJ
1424,3304110,76.8,RJ
1425,3304128,768.0,RJ
1426,3304201,416.0,RJ
1427,3300308,1157.1200000000001,RJ
1428,3304508,71.68,RJ
1429,3306107,5811.2,RJ
1430,3300100,442.88,RJ
1431,3303807,832.0,RJ
1432,3301801,97.92,RJ
1433,3306206,563.2,RJ
1434,3302007,467.2,RJ
1435,3302601,98.56,RJ
1436,3305554,1402.24,RJ
1437,3301702,928.0,RJ
1438,3302502,2307.2000000000003,RJ
1439,3304144,175.36,RJ
1440,3304557,176.0,RJ
1441,3304904,1374.08,RJ
1442,3305752,23.04,RJ
1443,2700102,416.0,AL
1444,2705002,960.0,AL
1445,2706422,576.0,AL
1446,2704807,281.6,AL
1447,2707602,160.0,AL
1448,2709004,1422.08,AL
1449,2700300,896.0,AL
1450,2702603,6888.96,AL
1451,2704203,29777.920000000002,AL
1452,2708808,85615.36,AL
1453,2709103,2112.0,AL
1454,2701902,691.2,AL
1455,2703007,52432.0,AL
1456,2707008,401.92,AL
1457,2708303,601045.12,AL
1458,2709301,8908.800000000001,AL
1459,2709400,4359.68,AL
1460,2700409,511841.92,AL
1461,2701100,24145.28,AL
1462,2701308,5072.0,AL
1463,2701357,42652.8,AL
1464,2701704,72844.8,AL
1465,2702108,98536.32,AL
1466,2702801,142948.48,AL
1467,2703502,48881.92,AL
1468,2703809,24342.4,AL
1469,2703908,72958.72,AL
1470,2705101,327291.52,AL
1471,2705200,62862.72,AL
1472,2705507,282529.92,AL
1473,2705606,72188.16,AL
1474,2707305,180974.08000000002,AL
1475,2708501,588867.2000000001,AL
1476,2703601,2976.0,AL
1477,2704500,24919.04,AL
1478,2706505,303670.4,AL
1479,2707404,78106.24,AL
1480,2708709,44240.64,AL
1481,2700508,97595.52,AL
1482,2700607,110472.32,AL
1483,2702207,1134.08,AL
1484,2704302,151798.4,AL
1485,2704708,568475.52,AL
1486,2706448,61270.4,AL
1487,2706901,295905.28,AL
1488,2707701,346048.0,AL
1489,2707909,13813.76,AL
1490,2708907,44261.12,AL
1491,2700201,15888.0,AL
1492,2701001,281600.64,AL
1493,2701407,670766.72,AL
1494,2702306,1722468.48,AL
1495,2703759,325079.04,AL
1496,2704005,341187.84,AL
1497,2707800,131283.2,AL
1498,2708600,850642.56,AL
1499,2709152,354059.52,AL
1500,2702702,83871.36,AL
1501,2703205,165733.12,AL
1502,2706703,703341.4400000001,AL
1503,2707503,1720.96,AL
1504,2400208,84.48,RN
1505,2402907,256.0,RN
1506,2403202,64.64,RN
1507,2403301,61.44,RN
1508,2407252,668.8000000000001,RN
1509,2410801,64.0,RN
1510,2412500,256.0,RN
1511,2414753,288.0,RN
1512,2400505,92.16,RN
1513,2407302,172.8,RN
1514,2408607,57.6,RN
1515,2409407,28.8,RN
1516,2410009,60.800000000000004,RN
1517,2410207,160.0,RN
1518,2410504,28.8,RN
1519,2410702,115.2,RN
1520,2413805,156.8,RN
1521,2414100,153.6,RN
1522,2400604,480.0,RN
1523,2404002,279.68,RN
1524,2405900,256.0,RN
1525,2406908,277.12,RN
1526,2407401,44.160000000000004,RN
1527,2410603,262.4,RN
1528,2404606,6570.24,RN
1529,2406155,12480.0,RN
1530,2406601,160.0,RN
1531,2407807,1920.0,RN
1532,2408300,9283.2,RN
1533,2409209,576.0,RN
1534,2410405,232192.0,RN
1535,2413904,134400.0,RN
1536,2402600,153600.0,RN
1537,2407104,832.0,RN
1538,2408201,28800.0,RN
1539,2412005,4160.0,RN
1540,2412203,191985.28,RN
1541,2401206,190579.2,RN
1542,2401404,645027.2000000001,RN
1543,2402204,536140.8,RN
1544,2403509,1152.0,RN
1545,2404200,258763.52000000002,RN
1546,2407708,800.0,RN
1547,2409803,92160.0,RN
1548,2414209,76800.0,RN
1549,2415008,14537.6,RN
1550,4300307,2080.0,RS
1551,4304309,640.0,RS
1552,4310405,384.0,RS
1553,4313425,490.88,RS
1554,4315008,640.0,RS
1555,4315057,576.0,RS
1556,4315073,3306.88,RS
1557,4317202,3840.0,RS
1558,4317905,4256.0,RS
1559,4318499,560.0,RS
1560,4321808,1043.2,RS
1561,4322103,256.0,RS
1562,4322301,448.0,RS
1563,4301859,563.2,RS
1564,4302204,1088.0,RS
1565,4302378,320.0,RS
1566,4302600,320.0,RS
1567,4304002,256.0,RS
1568,4306007,3072.0,RS
1569,4306320,704.0,RS
1570,4306734,1066.88,RS
1571,4307450,2048.0,RS
1572,4309605,667.52,RS
1573,4309704,288.0,RS
1574,4312302,800.0,RS
1575,4313011,224.0,RS
1576,4315404,358.40000000000003,RS
1577,4319109,166.4,RS
1578,4320230,256.0,RS
1579,4321402,1244.16,RS
1580,4321477,1600.0,RS
1581,4321907,2080.0,RS
1582,4323705,384.0,RS
1583,4300505,3475.84,RS
1584,4300646,1331.2,RS
1585,4303400,1344.0,RS
1586,4305801,1440.0,RS
1587,4306072,448.0,RS
1588,4306429,38.4,RS
1589,4306924,320.0,RS
1590,4307302,640.0,RS
1591,4308508,960.0,RS
1592,4309126,640.0,RS
1593,4310504,1600.0,RS
1594,4311601,896.0,RS
1595,4312708,1280.0,RS
1596,4313441,128.0,RS
1597,4313466,384.0,RS
1598,4313805,320.0,RS
1599,4314498,960.0,RS
1600,4314704,2880.0,RS
1601,4315552,8064.0,RS
1602,4315909,1070.08,RS
1603,4316204,307.2,RS
1604,4320206,2112.0,RS
1605,4321329,480.0,RS
1606,4321857,352.0,RS
1607,4321956,384.0,RS
1608,4323101,864.0,RS
1609,4323507,480.0,RS
1610,4300901,1600.0,RS
1611,4301552,563.2,RS
1612,4301701,800.0,RS
1613,4301925,2016.0,RS
1614,4302055,105.60000000000001,RS
1615,4303806,102.4,RS
1616,4304853,448.0,RS
1617,4305116,1280.0,RS
1618,4306130,256.0,RS
1619,4306957,172.8,RS
1620,4306973,25.6,RS
1621,4307005,819.2,RS
1622,4307203,384.0,RS
1623,4307559,51.2,RS
1624,4308052,128.0,RS
1625,4308250,1177.6000000000001,RS
1626,4308706,288.0,RS
1627,4310702,9280.0,RS
1628,4310900,800.0,RS
1629,4311908,6137.6,RS
1630,4312005,320.0,RS
1631,4314787,115.2,RS
1632,4319703,320.0,RS
1633,4320602,768.0,RS
1634,4321634,960.0,RS
1635,4322905,1664.0,RS
1636,4301800,256.0,RS
1637,4303202,102.4,RS
1638,4309803,92.8,RS
1639,4311700,1126.4,RS
1640,4312203,896.0,RS
1641,4313607,320.0,RS
1642,4316600,3328.0,RS
1643,4317954,32.0,RS
1644,4318424,1024.0,RS
1645,4318606,384.0,RS
1646,4303301,128.0,RS
1647,4303707,2048.0,RS
1648,4305207,480.0,RS
1649,4309506,2688.0,RS
1650,4312179,25.6,RS
1651,4315107,17600.0,RS
1652,4316303,19200.0,RS
1653,4316477,374.40000000000003,RS
1654,4319307,480.0,RS
1655,4319372,288.0,RS
1656,4320578,576.0,RS
1657,4302501,1209.6000000000001,RS
1658,4305009,1536.0,RS
1659,4306353,614.4,RS
1660,4306932,256.0,RS
1661,4307831,80.0,RS
1662,4309001,400.0,RS
1663,4314555,537.6,RS
1664,4315958,96.0,RS
1665,4317509,448.0,RS
1666,4317707,3024.0,RS
1667,4318903,1280.0,RS
1668,4319158,384.0,RS
1669,4319208,38.4,RS
1670,4320321,2209.92,RS
1671,4322343,2560.0,RS
1672,4323754,160.0,RS
1673,4300208,1536.0,RS
1674,4300455,848.0,RS
1675,4301503,1792.0,RS
1676,4302584,179.20000000000002,RS
1677,4305405,64.0,RS
1678,4305702,384.0,RS
1679,4305871,384.0,RS
1680,4305900,256.0,RS
1681,4310207,1920.0,RS
1682,4310413,128.0,RS
1683,4313334,102.4,RS
1684,4313904,1056.0,RS
1685,4314308,84.48,RS
1686,4317806,153.6,RS
1687,4319737,128.0,RS
1688,4300471,51.2,RS
1689,4301958,51.2,RS
1690,4302154,57.6,RS
1691,4305157,64.0,RS
1692,4305306,1344.0,RS
1693,4305850,51.2,RS
1694,4310850,672.0,RS
1695,4311429,384.0,RS
1696,4312955,307.2,RS
1697,4313490,128.0,RS
1698,4313706,1920.0,RS
1699,4314456,400.0,RS
1700,4316428,153.6,RS
1701,4317756,25.6,RS
1702,4318457,1600.0,RS
1703,4319364,640.0,RS
1704,4320107,204.8,RS
1705,4300059,102.4,RS
1706,4303558,75.52,RS
1707,4305371,86.4,RS
1708,4306304,80.0,RS
1709,4308854,12.8,RS
1710,4311809,256.0,RS
1711,4314100,112.0,RS
1712,4314779,32.0,RS
1713,4316105,192.0,RS
1714,4316733,51.2,RS
1715,4318051,10.24,RS
1716,4320909,211.20000000000002,RS
1717,4323358,51.2,RS
1718,4300554,179.20000000000002,RS
1719,4302220,460.8,RS
1720,4302238,76.8,RS
1721,4304101,268.8,RS
1722,4306106,112.0,RS
1723,4307500,320.0,RS
1724,4308458,268.8,RS
1725,4310009,307.2,RS
1726,4310876,188.16,RS
1727,4311155,576.0,RS
1728,4315354,192.0,RS
1729,4316436,76.8,RS
1730,4316451,134.4,RS
1731,4316709,716.8000000000001,RS
1732,4305603,38.4,RS
1733,4311270,76.8,RS
1734,4312658,582.4,RS
1735,4320305,51.2,RS
1736,4321006,19.2,RS
1737,4321469,76.8,RS
1738,4323200,96.0,RS
1739,4309951,96.0,RS
1740,4311254,64.0,RS
1741,4312427,44.800000000000004,RS
1742,4322152,51.2,RS
1743,4300703,400.0,RS
1744,4301404,448.0,RS
1745,4306452,211.20000000000002,RS
1746,4309258,64.0,RS
1747,4309407,694.4,RS
1748,4310306,38.4,RS
1749,4310579,153.6,RS
1750,4312351,89.60000000000001,RS
1751,4312757,256.0,RS
1752,4312807,192.0,RS
1753,4312906,256.0,RS
1754,4313300,48.0,RS
1755,4314001,384.0,RS
1756,4315172,96.0,RS
1757,4315206,400.0,RS
1758,4318440,42.24,RS
1759,4319711,716.8000000000001,RS
1760,4320404,23.04,RS
1761,4322350,51.2,RS
1762,4323606,32.0,RS
1763,4310439,115.2,RS
1764,4314464,64.0,RS
1765,4300802,192.0,RS
1766,4302105,784.0,RS
1767,4302253,153.6,RS
1768,4304804,179.20000000000002,RS
1769,4305108,192.0,RS
1770,4305934,32.0,RS
1771,4305959,1024.0,RS
1772,4307864,44.800000000000004,RS
1773,4312385,204.8,RS
1774,4313359,256.0,RS
1775,4314548,119.04,RS
1776,4317251,640.0,RS
1777,4322806,264.96,RS
1778,4304655,1120.0,RS
1779,4310553,1144.32,RS
1780,4311130,640.0,RS
1781,4311205,204.8,RS
1782,4314472,76.8,RS
1783,4317400,3840.0,RS
1784,4322202,224.0,RS
1785,4322376,1440.0,RS
1786,4302907,2406.4,RS
1787,4306379,128.0,RS
1788,4310538,134.4,RS
1789,4311106,5120.0,RS
1790,4312104,672.0,RS
1791,4313037,2240.0,RS
1792,4316907,422.40000000000003,RS
1793,4319125,19.2,RS
1794,4319406,3200.0,RS
1795,4319604,192.0,RS
1796,4321493,307.2,RS
1797,4323457,19.2,RS
1798,4300109,1056.0,RS
1799,4306700,672.0,RS
1800,4308003,672.0,RS
1801,4308409,268.8,RS
1802,4310751,800.0,RS
1803,4313102,224.0,RS
1804,4315503,960.0,RS
1805,4318432,1008.0,RS
1806,4320651,480.0,RS
1807,4301206,153.6,RS
1808,4304200,512.0,RS
1809,4307815,25.6,RS
1810,4309753,2880.0,RS
1811,4311239,204.8,RS
1812,4312153,307.2,RS
1813,4314068,153.6,RS
1814,4316808,4256.0,RS
1815,4320263,256.0,RS
1816,4320677,1555.2,RS
1817,4320701,96.0,RS
1818,4322533,256.0,RS
1819,4322608,3120.0,RS
1820,4322707,3840.0,RS
1821,4301008,2080.0,RS
1822,4302402,126.72,RS
1823,4302451,28.8,RS
1824,4304614,768.0,RS
1825,4304697,192.0,RS
1826,4305587,528.0,RS
1827,4305835,96.0,RS
1828,4306205,960.0,RS
1829,4306759,768.0,RS
1830,4306809,768.0,RS
1831,4307807,1568.0,RS
1832,4308433,599.04,RS
1833,4310363,1120.0,RS
1834,4311403,1920.0,RS
1835,4312054,1760.0,RS
1836,4312609,6144.0,RS
1837,4313003,307.2,RS
1838,4314159,192.0,RS
1839,4315156,320.0,RS
1840,4315453,240.0,RS
1841,4315800,6648.32,RS
1842,4316758,960.0,RS
1843,4320453,179.20000000000002,RS
1844,4321303,64.0,RS
1845,4321451,480.0,RS
1846,4321626,1152.0,RS
1847,4322855,384.0,RS
1848,4323770,128.0,RS
1849,4303004,1152.0,RS
1850,4305132,2560.0,RS
1851,4313391,1120.0,RS
1852,4314027,384.0,RS
1853,4314076,230.4,RS
1854,4315701,384.0,RS
1855,4300570,179.20000000000002,RS
1856,4301651,201.6,RS
1857,4302352,1920.0,RS
1858,4302659,1386.88,RS
1859,4304689,288.0,RS
1860,4308102,234.88,RS
1861,4309555,606.08,RS
1862,4311643,496.0,RS
1863,4311791,414.08,RS
1864,4312401,2976.0,RS
1865,4314035,39.68,RS
1866,4314753,4928.0,RS
1867,4314803,595.2,RS
1868,4316501,455.04,RS
1869,4318481,3916.8,RS
1870,4318614,854.4,RS
1871,4319356,172.8,RS
1872,4319505,448.0,RS
1873,4319752,259.2,RS
1874,4322251,448.0,RS
1875,4322541,23.04,RS
1876,4304408,128.0,RS
1877,4306403,1382.4,RS
1878,4309100,716.8000000000001,RS
1879,4310108,640.0,RS
1880,4310801,2755.2000000000003,RS
1881,4311627,1612.8,RS
1882,4312476,1190.4,RS
1883,4313201,153.6,RS
1884,4314423,224.0,RS
1885,4315149,5990.400000000001,RS
1886,4315750,1152.0,RS
1887,4316006,7168.0,RS
1888,4316956,192.0,RS
1889,4321204,5280.0,RS
1890,4321709,448.0,RS
1891,4301750,179.20000000000002,RS
1892,4308805,115.2,RS
1893,4322525,166.4,RS
1894,4300877,64.0,RS
1895,4303905,384.0,RS
1896,4306767,32.0,RS
1897,4307609,334.72,RS
1898,4309050,864.0,RS
1899,4309209,403.2,RS
1900,4311981,67.2,RS
1901,4313060,541.44,RS
1902,4313375,126.72,RS
1903,4313409,11520.0,RS
1904,4314050,4480.0,RS
1905,4314902,192.0,RS
1906,4318705,96.0,RS
1907,4319901,332.8,RS
1908,4320552,1008.0,RS
1909,4323002,704.0,RS
1910,4304713,2229.76,RS
1911,4306551,430.08,RS
1912,4310652,3840.0,RS
1913,4311734,1612.8,RS
1914,4311775,896.0,RS
1915,4312443,1232.0,RS
1916,4313508,768.0,RS
1917,4313656,19.2,RS
1918,4317608,8960.0,RS
1919,4321436,512.0,RS
1920,4321501,148.48,RS
1921,4321667,256.0,RS
1922,4321832,960.0,RS
1923,4305173,128.0,RS
1924,4305447,128.0,RS
1925,4306502,76.8,RS
1926,4320354,684.16,RS
1927,4308656,896.0,RS
1928,4318101,345.6,RS
1929,4306056,38.4,RS
1930,1100700,16.0,RO
1931,1100809,598.4,RO
1932,1100940,57.6,RO
1933,1101104,22.400000000000002,RO
1934,1100205,640.0,RO
1935,1100106,322.56,RO
1936,1100023,462.72,RO
1937,1100601,576.0,RO
1938,1100130,422.40000000000003,RO
1939,1101401,112.0,RO
1940,1101757,448.0,RO
1941,1101005,256.0,RO
1942,1100114,115.2,RO
1943,1100122,800.0,RO
1944,1101302,134.4,RO
1945,1101435,416.0,RO
1946,1100155,70.4,RO
1947,1100254,640.0,RO
1948,1101609,234.24,RO
1949,1101708,61.44,RO
1950,1101807,115.2,RO
1951,1100346,384.0,RO
1952,1101500,76.8,RO
1953,1100015,192.0,RO
1954,1100379,289.28000000000003,RO
1955,1100049,480.0,RO
1956,1100288,192.0,RO
1957,1100296,960.0,RO
1958,1100924,224.0,RO
1959,1101476,352.0,RO
1960,1101484,64.0,RO
1961,1100304,26.88,RO
1962,1100031,1920.0,RO
1963,1100056,224.0,RO
1964,1100064,236.8,RO
1965,1100072,336.0,RO
1966,1101468,224.0,RO
1967,1400027,102.4,RR
1968,1400100,310.40000000000003,RR
1969,1400159,544.0,RR
1970,1400175,288.0,RR
1971,1400704,64.0,RR
1972,1400233,51.2,RR
1973,1400472,167.04,RR
1974,1400506,128.0,RR
1975,4200804,1248.0,SC
1976,4202081,896.0,SC
1977,4202099,448.0,SC
1978,4202156,1120.0,SC
1979,4204905,1478.4,SC
1980,4205001,1299.2,SC
1981,4206405,4032.0,SC
1982,4206603,313.6,SC
1983,4207650,1344.0,SC
1984,4208401,2643.2000000000003,SC
1985,4212007,624.0,SC
1986,4212239,1433.6000000000001,SC
1987,4214151,896.0,SC
1988,4215208,3584.0,SC
1989,4215554,448.0,SC
1990,4216255,2374.4,SC
1991,4216701,2374.4,SC
1992,4217204,582.4,SC
1993,4218756,1433.6000000000001,SC
1994,4203501,384.0,SC
1995,4205357,448.0,SC
1996,4205431,384.0,SC
1997,4206652,862.08,SC
1998,4207858,787.2,SC
1999,4211652,256.0,SC
2000,4214201,2432.0,SC
2001,4215687,179.20000000000002,SC
2002,4215695,352.0,SC
2003,4215752,1056.0,SC
2004,4216909,6720.0,SC
2005,4202537,170.88,SC
2006,4204459,81.92,SC
2007,4205605,78.72,SC
2008,4207684,288.0,SC
2009,4209177,38.4,SC
2010,4210555,1920.0,SC
2011,4212270,51.2,SC
2012,4213401,115.2,SC
2013,4216107,243.84,SC
2014,4200754,512.0,SC
2015,4201273,448.0,SC
2016,4201653,1296.0,SC
2017,4204301,2240.0,SC
2018,4207601,1152.0,SC
2019,4207700,448.0,SC
2020,4207809,448.0,SC
2021,4208005,480.0,SC
2022,4209854,384.0,SC
2023,4211876,640.0,SC
2024,4212601,153.6,SC
2025,4213104,512.0,SC
2026,4213906,204.8,SC
2027,4217501,384.0,SC
2028,4219606,1152.0,SC
2029,4215679,25.6,SC
2030,4202057,64.0,SC
2031,4204509,1024.0,SC
2032,4209102,4800.0,SC
2033,4216206,614.4,SC
2034,4217402,80.0,SC
2035,4204152,832.0,SC
2036,4200309,320.0,SC
2037,4201901,224.0,SC
2038,4202859,1536.0,SC
2039,4206900,480.0,SC
2040,4209151,352.0,SC
2041,4209904,544.0,SC
2042,4213708,192.0,SC
2043,4214003,179.20000000000002,SC
2044,4214607,80.0,SC
2045,4214805,256.0,SC
2046,4218608,2560.0,SC
2047,4219408,1536.0,SC
2048,4201257,230.4,SC
2049,4201703,896.0,SC
2050,4202404,182.4,SC
2051,4205902,1036.8,SC
2052,4210001,13760.0,SC
2053,4213203,156.16,SC
2054,4214706,154.88,SC
2055,4215109,607.36,SC
2056,4218202,651.52,SC
2057,4212502,281.6,SC
2058,4200200,358.40000000000003,SC
2059,4201802,76.8,SC
2060,4204194,128.0,SC
2061,4212700,1600.0,SC
2062,4219200,89.60000000000001,SC
2063,4200903,67.2,SC
2064,4201208,840.96,SC
2065,4202305,1600.0,SC
2066,4205407,384.0,SC
2067,4211900,23.68,SC
2068,4212304,490.88,SC
2069,4215703,1422.08,SC
2070,4216602,261.76,SC
2071,4217253,1838.08,SC
2072,4200606,155.52,SC
2073,4201109,151.04,SC
2074,4215901,1055.3600000000001,SC
2075,4201505,512.0,SC
2076,4202800,1530.88,SC
2077,4205704,672.0,SC
2078,4206108,832.0,SC
2079,4206207,256.0,SC
2080,4207205,230.4,SC
2081,4207304,505.6,SC
2082,4208807,268.8,SC
2083,4211702,3404.8,SC
2084,4212403,358.40000000000003,SC
2085,4214904,1752.96,SC
2086,4215455,924.16,SC
2087,4215604,460.8,SC
2088,4217006,143.36,SC
2089,4217105,1344.0,SC
2090,4218400,256.0,SC
2091,4218707,1024.0,SC
2092,4204251,704.0,SC
2093,4204608,1280.0,SC
2094,4207007,1152.0,SC
2095,4209607,833.9200000000001,SC
2096,4211207,140.8,SC
2097,4211603,480.0,SC
2098,4217600,1664.0,SC
2099,4218350,768.0,SC
2100,4219002,2457.6,SC
2101,4208708,368.0,SC
2102,4218103,576.0,SC
2103,4218806,556.8000000000001,SC
2104,3502606,41888.0,SP
2105,3503950,36288.0,SP
2106,3513850,94080.0,SP
2107,3514205,172800.0,SP
2108,3524808,322560.0,SP
2109,3529104,17920.0,SP
2110,3529658,322560.0,SP
2111,3532843,76800.0,SP
2112,3535200,23744.0,SP
2113,3535903,334080.0,SP
2114,3540259,425600.0,SP
2115,3540408,583680.0,SP
2116,3544509,112640.0,SP
2117,3545704,337920.0,SP
2118,3546603,8755.2,SP
2119,3547403,230400.0,SP
2120,3547650,6528.0,SP
2121,3547205,69120.0,SP
2122,3549003,80640.0,SP
2123,3554904,56320.0,SP
2124,3555802,158720.0,SP
2125,3556958,15360.0,SP
2126,3515202,416160.0,SP
2127,3515509,816000.0,SP
2128,3518008,65536.0,SP
2129,3520707,240000.0,SP
2130,3528205,273600.0,SP
2131,3529609,366080.0,SP
2132,3530003,23936.0,SP
2133,3534757,432000.0,SP
2134,3536901,348160.0,SP
2135,3549201,215040.0,SP
2136,3555307,236640.0,SP
2137,3501202,330886.4,SP
2138,3501806,331776.0,SP
2139,3510708,642795.52,SP
2140,3512902,761600.0,SP
2141,3536257,44800.0,SP
2142,3540309,387072.0,SP
2143,3544202,1143296.0,SP
2144,3556107,179200.0,SP
2145,3557105,542080.0,SP
2146,3500204,288864.0,SP
2147,3500907,752640.0,SP
2148,3504602,100172.8,SP
2149,3504800,297920.0,SP
2150,3511300,327680.0,SP
2151,3517505,715724.8,SP
2152,3517901,1867008.0,SP
2153,3519402,762880.0,SP
2154,3519808,427200.0,SP
2155,3521150,172800.0,SP
2156,3524501,359321.60000000003,SP
2157,3525706,1456000.0,SP
2158,3529500,333312.0,SP
2159,3530300,397664.0,SP
2160,3530409,163520.0,SP
2161,3532801,514080.0,SP
2162,3533007,740689.92,SP
2163,3533908,2102400.0,SP
2164,3534005,443840.0,SP
2165,3534203,581440.0,SP
2166,3535002,1382400.0,SP
2167,3536604,1993216.0,SP
2168,3539608,614400.0,SP
2169,3540804,660480.0,SP
2170,3549805,250880.0,SP
2171,3553401,1075200.0,SP
2172,3555356,563200.0,SP
2173,3555604,649600.0,SP
2174,3557154,384000.0,SP
2175,3503703,357760.0,SP
2176,3509304,351859.2,SP
2177,3511102,641596.8,SP
2178,3511201,380800.0,SP
2179,3514924,256547.2,SP
2180,3514957,190400.0,SP
2181,3533254,240000.0,SP
2182,3535101,147840.0,SP
2183,3535705,326400.0,SP
2184,3538105,307200.0,SP
2185,3545605,1251200.0,SP
2186,3551900,309120.0,SP
2187,3552601,1109836.8,SP
2188,3504206,278528.0,SP
2189,3515905,213120.0,SP
2190,3516804,250880.0,SP
2191,3516903,591584.0,SP
2192,3518909,104272.0,SP
2193,3528304,552000.0,SP
2194,3532868,276480.0,SP
2195,3533304,90483.2,SP
2196,3549250,276480.0,SP
2197,3528106,288000.0,SP
2198,3531001,91392.0,SP
2199,3531407,665600.0,SP
2200,3532504,317440.0,SP
2201,3532603,506240.0,SP
2202,3532702,226240.0,SP
2203,3539905,268800.0,SP
2204,3551306,256000.0,SP
2205,3555703,201600.0,SP
2206,3521507,648576.0,SP
2207,3521903,1331200.0,SP
2208,3528858,317235.2,SP
2209,3533502,1904000.0,SP
2210,3544806,680000.0,SP
2211,3556008,783360.0,SP
2212,3505500,4216389.76,SP
2213,3512001,1262832.6400000001,SP
2214,3512100,1773158.4000000001,SP
2215,3517406,3251200.0,SP
2216,3521309,1254400.0,SP
2217,3524204,923792.64,SP
2218,3529708,1716422.4000000001,SP
2219,3531902,3801600.0,SP
2220,3533601,956800.0,SP
2221,3534302,737280.0,SP
2222,3544905,885964.8,SP
2223,3549409,1040000.0,SP
2224,3503000,516256.0,SP
2225,3508207,519680.0,SP
2226,3517703,918892.8,SP
2227,3520103,997952.0,SP
2228,3524105,1819392.0,SP
2229,3513207,288320.0,SP
2230,3516200,302400.0,SP
2231,3523701,39168.0,SP
2232,3525409,235200.0,SP
2233,3536307,921600.0,SP
2234,3537008,245760.0,SP
2235,3542701,486400.0,SP
2236,3543105,161280.0,SP
2237,3543600,112000.0,SP
2238,3549508,1105920.0,SP
2239,3506102,1734208.0,SP
2240,3510104,106752.0,SP
2241,3515608,471040.0,SP
2242,3518602,1153280.0,SP
2243,3524303,3314880.0,SP
2244,3531308,412160.0,SP
2245,3531506,624000.0,SP
2246,3539004,533120.0,SP
2247,3539509,1659200.0,SP
2248,3546504,472064.0,SP
2249,3553104,327040.0,SP
2250,3553203,344960.0,SP
2251,3553658,98560.0,SP
2252,3553708,1461184.0,SP
2253,3554409,748800.0,SP
2254,3556800,738816.0,SP
2255,3556909,186720.0,SP
2256,3505609,571200.0,SP
2257,3507803,690912.0,SP
2258,3513108,989683.2000000001,SP
2259,3514601,462400.0,SP
2260,3518859,1186283.52,SP
2261,3525102,1843200.0,SP
2262,3527603,1904000.0,SP
2263,3540200,1423104.0,SP
2264,3540903,571200.0,SP
2265,3543402,2018393.6,SP
2266,3547502,851200.0,SP
2267,3547601,645120.0,SP
2268,3550902,1348614.4000000001,SP
2269,3551405,808960.0,SP
2270,3551504,340613.12,SP
2271,3551702,1496000.0,SP
2272,3501004,1094584.32,SP
2273,3505906,2458880.0,SP
2274,3509403,989184.0,SP
2275,3510906,69120.0,SP
2276,3546256,378214.4,SP
2277,3547908,194560.0,SP
2278,3502101,1805843.2,SP
2279,3511003,1839616.6400000001,SP
2280,3517802,1120000.0,SP
2281,3520442,753920.0,SP
2282,3523008,438368.0,SP
2283,3530102,1173043.2,SP
2284,3532108,190576.64,SP
2285,3533205,513566.08,SP
2286,3537404,1139328.0,SP
2287,3552304,568320.0,SP
2288,3552551,483840.0,SP
2289,3502804,1627289.6,SP
2290,3506201,744000.0,SP
2291,3518206,2196912.0,SP
2292,3526506,1164800.0,SP
2293,3544400,501760.0,SP
2294,3548054,1251040.0,SP
2295,3556305,2620800.0,SP
2296,3501103,325158.4,SP
2297,3504404,588806.4,SP
2298,3505104,150572.80000000002,SP
2299,3506409,240000.0,SP
2300,3506508,393254.4,SP
2301,3507704,206617.6,SP
2302,3507753,158720.0,SP
2303,3508108,460800.0,SP
2304,3511904,226150.4,SP
2305,3512506,416640.0,SP
2306,3516507,204800.0,SP
2307,3517109,326547.2,SP
2308,3527256,14515.2,SP
2309,3527702,147884.80000000002,SP
2310,3537305,894476.8,SP
2311,3537701,291200.0,SP
2312,3548401,153350.4,SP
2313,3555208,150592.0,SP
2314,3508801,1413619.2,SP
2315,3517000,885600.0,SP
2316,3517208,336000.0,SP
2317,3517307,95680.0,SP
2318,3527108,1002658.56,SP
2319,3541604,719443.2000000001,SP
2320,3544608,409600.0,SP
2321,3500709,373713.28,SP
2322,3503406,331904.0,SP
2323,3503604,435957.76,SP
2324,3504305,82176.0,SP
2325,3504701,301593.60000000003,SP
2326,3506003,71680.0,SP
2327,3507456,163544.32,SP
2328,3508306,11499.52,SP
2329,3514502,9016.960000000001,SP
2330,3518107,568749.4400000001,SP
2331,3519105,1043968.0,SP
2332,3526803,1629440.0,SP
2333,3527504,18240.0,SP
2334,3536570,5408.0,SP
2335,3538907,921600.0,SP
2336,3539400,54080.0,SP
2337,3540101,260160.0,SP
2338,3541109,19399.68,SP
2339,3542503,400899.2,SP
2340,3555901,233971.2,SP
2341,3505203,994560.0,SP
2342,3505302,411984.64,SP
2343,3506805,757760.0,SP
2344,3507308,345728.0,SP
2345,3514106,1772160.0,SP
2346,3520004,326120.96,SP
2347,3522000,331520.0,SP
2348,3522901,404928.0,SP
2349,3525300,2083840.0,SP
2350,3528007,654013.4400000001,SP
2351,3529807,535641.6,SP
2352,3536703,1781760.0,SP
2353,3500550,161676.80000000002,SP
2354,3503109,1920.0,SP
2355,3504503,359040.0,SP
2356,3511409,396800.0,SP
2357,3519253,100800.0,SP
2358,3521804,560000.0,SP
2359,3523503,153600.0,SP
2360,3535804,89477.12,SP
2361,3502309,483172.48,SP
2362,3506904,5575.04,SP
2363,3507506,806400.0,SP
2364,3512308,138880.0,SP
2365,3536109,6272.0,SP
2366,3541059,403200.0,SP
2367,3550100,1433600.0,SP
2368,3501707,430080.0,SP
2369,3503208,1945600.0,SP
2370,3506706,1568000.0,SP
2371,3507407,1352000.0,SP
2372,3514007,512000.0,SP
2373,3516853,326592.0,SP
2374,3519600,1388800.0,SP
2375,3522703,2031232.0,SP
2376,3529302,896000.0,SP
2377,3532058,603782.4,SP
2378,3532900,404480.0,SP
2379,3543709,899840.0,SP
2380,3546900,662400.0,SP
2381,3552700,859200.0,SP
2382,3554755,119808.0,SP
2383,3502002,435200.0,SP
2384,3513702,1433600.0,SP
2385,3514304,255463.68,SP
2386,3519303,816000.0,SP
2387,3542909,939296.0,SP
2388,3548906,1875672.32,SP
2389,3507902,1411328.0,SP
2390,3512704,138240.0,SP
2391,3521101,249600.0,SP
2392,3523602,336000.0,SP
2393,3543907,654080.0,SP
2394,3554706,295680.0,SP
2395,3503307,1958400.0,SP
2396,3512209,134400.0,SP
2397,3512407,593280.0,SP
2398,3521408,320320.0,SP
2399,3526704,1088000.0,SP
2400,3526902,587520.0,SP
2401,3546207,185760.0,SP
2402,3546702,219584.0,SP
2403,3510401,867200.0,SP
2404,3511706,364800.0,SP
2405,3525854,28160.0,SP
2406,3530904,306560.0,SP
2407,3538709,1843200.0,SP
2408,3542107,290304.0,SP
2409,3544004,562560.0,SP
2410,3545159,131200.0,SP
2411,3547007,193920.0,SP
2412,3550407,462720.0,SP
2413,3554508,700800.0,SP
2414,3500303,662400.0,SP
2415,3539301,1177600.0,SP
2416,3540705,608000.0,SP
2417,3546306,749767.68,SP
2418,3508702,10353.92,SP
2419,3510807,1095477.76,SP
2420,3515186,78336.0,SP
2421,3523800,72494.72,SP
2422,3530508,972800.0,SP
2423,3549102,432000.0,SP
2424,3549706,92160.0,SP
2425,3550803,12864.0,SP
2426,3553302,870400.0,SP
2427,3553609,152320.0,SP
2428,3556404,479224.32,SP
2429,3503802,230400.0,SP
2430,3515152,138240.0,SP
2431,3557303,20160.0,SP
2432,3522604,81536.0,SP
2433,3530706,457600.0,SP
2434,3530805,310528.0,SP
2435,3548005,153600.0,SP
2436,3501608,108032.0,SP
2437,3509502,76377.6,SP
2438,3512803,311296.0,SP
2439,3514908,353920.0,SP
2440,3519055,24960.0,SP
2441,3520509,101120.0,SP
2442,3524709,128000.0,SP
2443,3531803,336000.0,SP
2444,3545803,512000.0,SP
2445,3552403,77653.76,SP
2446,3501905,64320.0,SP
2447,3527009,1088.0,SP
2448,3531209,2880.0,SP
2449,3536802,800.0,SP
2450,3538204,384.0,SP
2451,3551603,1536.0,SP
2452,3552106,15360.0,SP
2453,3514403,548864.0,SP
2454,3526001,978944.0,SP
2455,3531605,331776.0,SP
2456,3533106,36480.0,SP
2457,3534807,389120.0,SP
2458,3535408,373632.0,SP
2459,3536406,456960.0,SP
2460,3547106,282624.0,SP
2461,3549300,249600.0,SP
2462,3555109,314880.0,SP
2463,3500105,568755.2000000001,SP
2464,3515806,161280.0,SP
2465,3516002,695040.0,SP
2466,3520806,114688.64,SP
2467,3521606,187200.0,SP
2468,3527405,328640.0,SP
2469,3528908,35360.0,SP
2470,3534609,118560.0,SP
2471,3534906,270400.0,SP
2472,3536000,291200.0,SP
2473,3540853,31200.0,SP
2474,3543808,96000.0,SP
2475,3544707,149760.0,SP
2476,3545100,200678.4,SP
2477,3501301,47667.200000000004,SP
2478,3502408,416000.0,SP
2479,3508900,288000.0,SP
2480,3509106,115548.16,SP
2481,3515129,256000.0,SP
2482,3515301,312320.0,SP
2483,3515350,183047.04,SP
2484,3520608,3568.64,SP
2485,3525607,881280.0,SP
2486,3528700,670204.8,SP
2487,3529203,2062105.6,SP
2488,3530201,984544.0,SP
2489,3532207,929088.0,SP
2490,3538303,18688.0,SP
2491,3539202,539040.0,SP
2492,3541208,87040.0,SP
2493,3541307,651108.48,SP
2494,3541406,266259.2,SP
2495,3541505,164012.80000000002,SP
2496,3542206,2962252.8000000003,SP
2497,3542404,206707.2,SP
2498,3543238,81939.2,SP
2499,3544251,109955.84,SP
2500,3545506,1720256.0,SP
2501,3547700,57104.0,SP
2502,3548302,47347.200000000004,SP
2503,3552908,899296.0,SP
2504,3553906,164480.0,SP
2505,3554300,1285747.2,SP
2506,3503356,134400.0,SP
2507,3505807,67200.0,SP
2508,3519006,378240.0,SP
2509,3519204,291200.0,SP
2510,3541802,197499.52000000002,SP
2511,3542008,291200.0,SP
2512,3555000,253440.0,SP
2513,3514700,99840.0,SP
2514,3515657,38.4,SP
2515,3529005,172800.0,SP
2516,3533700,82800.0,SP
2517,3534104,128000.0,SP
2518,3534500,56451.200000000004,SP
2519,3540002,614400.0,SP
2520,3504008,506154.88,SP
2521,3507209,209622.4,SP
2522,3509809,336000.0,SP
2523,3510005,1075200.0,SP
2524,3513306,156006.4,SP
2525,3516101,482854.4,SP
2526,3519501,179200.0,SP
2527,3519907,921600.0,SP
2528,3527900,362880.0,SP
2529,3528809,797402.88,SP
2530,3532157,297363.2,SP
2531,3535309,872256.0,SP
2532,3535507,1699528.32,SP
2533,3537156,129600.0,SP
2534,3539707,340537.60000000003,SP
2535,3541703,1132115.2,SP
2536,3553955,959644.8,SP
2537,3506300,255680.0,SP
2538,3510153,117034.24,SP
2539,3557204,522240.0,SP
2540,3515194,100906.88,SP
2541,3515400,47040.0,SP
2542,3520905,826286.0800000001,SP
2543,3528601,196851.2,SP
2544,3533809,276480.0,SP
2545,3534708,852480.0,SP
2546,3538808,157760.0,SP
2547,3543204,206132.48,SP
2548,3545407,44160.0,SP
2549,3546405,1009144.3200000001,SP
2550,3550506,426664.96,SP
2551,3551207,57600.0,SP
2552,3554607,1024.0,SP
2553,3522406,102400.0,SP
2554,3523206,896.0,SP
2555,3532827,96.0,SP
2556,3543501,6720.0,SP
2557,3553807,13440.0,SP
2558,3500758,21504.0,SP
2559,3502200,2736.0,SP
2560,3518503,31360.0,SP
2561,3522307,230400.0,SP
2562,3507001,371200.0,SP
2563,3511508,305395.2,SP
2564,3511607,760320.0,SP
2565,3526407,29120.0,SP
2566,3537503,26240.0,SP
2567,3540507,27776.0,SP
2568,3541653,294624.0,SP
2569,3554003,512000.0,SP
2570,3554656,394.88,SP
2571,3505351,80.0,SP
2572,3521200,352.0,SP
2573,3522158,960.0,SP
2574,3522653,576.0,SP
2575,3542800,2304.0,SP
2576,3543253,76.8,SP
2577,3501152,640.0,SP
2578,3502903,9216.0,SP
2579,3508405,249.6,SP
2580,3510302,28800.0,SP
2581,3521002,46048.0,SP
2582,3523909,67200.0,SP
2583,3540606,758400.0,SP
2584,3545209,62400.0,SP
2585,3550605,1600.0,SP
2586,3552205,15488.0,SP
2587,3527306,528.0,SP
2588,3504107,2240.0,SP
2589,3507605,230.4,SP
2590,3523404,3520.0,SP
2591,3525201,832.0,SP
2592,3532009,115.2,SP
2593,3532405,1877.1200000000001,SP
2594,3538600,1600.0,SP
2595,3508504,153600.0,SP
2596,3524402,224.0,SP
2597,3546009,32.0,SP
2598,3508603,3840.0,SP
2599,3513405,1040.0,SP
2600,3518404,384.0,SP
2601,3541901,858.88,SP
2602,3503158,2454.4,SP
2603,3503505,1152.0,SP
2604,3504909,2496.0,SP
2605,3549607,1689.6000000000001,SP
2606,3552007,416.0,SP
2607,3526308,960.0,SP
2608,3542305,179.20000000000002,SP
2609,3550001,576.0,SP
2610,3505401,88.32000000000001,SP
2611,3509254,38.4,SP
2612,3509908,32.0,SP
2613,3524600,19.2,SP
2614,3536208,160.0,SP
2615,3542602,443.52,SP
2616,3551801,51.2,SP
2617,3509007,1.28,SP
2618,3550308,140.8,SP
2619,3518305,640.0,SP
2620,2804300,8320.0,SE
2621,2804607,44928.0,SE
2622,2800506,48998.4,SE
2623,2804409,51604.48,SE
2624,2806404,7672.32,SE
2625,2801306,148224.0,SE
2626,2802007,25311.36,SE
2627,2806503,3971.84,SE
2628,2807204,35942.4,SE
2629,2803302,235986.56,SE
2630,2803401,119216.64,SE
2631,2804904,65223.68,SE
2632,2805307,3368.96,SE
2633,2806909,1728.64,SE
2634,2801504,9998.08,SE
2635,2803609,261120.0,SE
2636,2804003,104025.6,SE
2637,2805901,54509.44,SE
2638,2806107,35230.72,SE
2639,2806602,19668.48,SE
2640,2804805,10560.0,SE
2641,2806701,9408.0,SE
2642,2803203,7400.96,SE
2643,1702208,57.6,TO
2644,1702554,19.2,TO
2645,1721208,246.4,TO
2646,1701309,101.12,TO
2647,1702109,129.28,TO
2648,1703008,1031.04,TO
2649,1717206,316.8,TO
2650,1700251,417.28000000000003,TO
2651,1706001,77.44,TO
2652,1707108,958.08,TO
2653,1711803,256.0,TO
2654,1712504,448.0,TO
2655,1713700,480.0,TO
2656,1716653,9.6,TO
2657,1721257,29744.64,TO
2658,1702000,467.84000000000003,TO
2659,1707306,1120.0,TO
2660,1708205,800.0,TO
2661,1715002,106.88,TO
2662,1716109,192.0,TO
2663,1717503,1056.0,TO
2664,1718451,832.0,TO
2665,1718840,547.2,TO
2666,1709500,1408.64,TO
2667,1716604,681.6,TO
2668,1709807,456.32,TO
2669,1713601,254.72,TO
2670,1721000,530.5600000000001,TO
2671,1716505,1408000.0,TO
2672,1718204,2000.0,TO
2673,1720655,134.4,TO
2674,1703842,64.0,TO
2675,1709005,67.2,TO
2676,1715101,153.6,TO
2677,1702406,791.04,TO
2678,1702703,679.6800000000001,TO
2679,1705102,455.04,TO
2680,1705557,600.32,TO
2681,1705607,254.08,TO
2682,1707009,302.08,TO
2683,1712157,451.84000000000003,TO
2684,1714203,327.68,TO
2685,1715150,203.52,TO
2686,1715259,499.2,TO
2687,1716208,604.8000000000001,TO
2688,1717800,1066.88,TO
2689,1718006,163.20000000000002,TO
2690,1718659,163.20000000000002,TO
2691,1718907,65.92,TO
2692,1720499,646.4,TO
2693,1720903,819.2,TO
2694,1720937,552.32,TO
2695,1600501,298.88,AP
2696,1600105,2279.68,AP
2697,1600709,206.08,AP
2698,1600303,822.4,AP
2699,1600154,422.40000000000003,AP
2700,1600535,399.36,AP
2701,1600600,144.0,AP
2702,1600279,190.72,AP
2703,1600402,308.48,AP
2704,1600808,145.92000000000002,AP
2705,1300607,51.2,AM
2706,1303908,134.4,AM
2707,1301001,243.20000000000002,AM
2708,1301407,5423.36,AM
2709,1301654,179.20000000000002,AM
2710,1301803,691.2,AM
2711,1301209,121.60000000000001,AM
2712,1303536,176000.0,AM
2713,1302900,491.52,AM
2714,1303007,96.0,AM
2715,1303403,64.0,AM
2716,1301704,486.40000000000003,AM
2717,2902500,604.8000000000001,BA
2718,2903201,715.52,BA
2719,2907400,1428.48,BA
2720,2911105,890.24,BA
2721,2926202,1105.92,BA
2722,2928901,878.08,BA
2723,2901403,1045.76,BA
2724,2904407,885.12,BA
2725,2909406,151.68,BA
2726,2909703,2078.08,BA
2727,2920452,78.72,BA
2728,2928406,649.6,BA
2729,2930907,1237.1200000000001,BA
2730,2933455,159.36,BA
2731,2906105,8542.08,BA
2732,2908101,1175.68,BA
2733,2909109,3168.0,BA
2734,2909307,4170.88,BA
2735,2917359,1109.1200000000001,BA
2736,2928109,9920.0,BA
2737,2928208,10346.880000000001,BA
2738,2929057,1536.0,BA
2739,2930303,1877.1200000000001,BA
2740,2918407,1603077.12,BA
2741,2924405,681.6,BA
2742,2902708,12083.2,BA
2743,2913200,31.36,BA
2744,2921609,48.0,BA
2745,2922250,10560.0,BA
2746,2903904,200.32,BA
2747,2907103,76.8,BA
2748,2923704,1447.68,BA
2749,2930154,56.32,BA
2750,2901809,88.32000000000001,BA
2751,2906006,92.16,BA
2752,2924603,82.56,BA
2753,2930105,7.04,BA
2754,2911303,174.72,BA
2755,2914406,1152.0,BA
2756,2930808,166.4,BA
2757,2917508,96.0,BA
2758,2925253,107.52,BA
2759,2927200,1.92,BA
2760,2910305,5.76,BA
2761,2926509,240.64000000000001,BA
2762,2900702,21.76,BA
2763,2902054,46.72,BA
2764,2901106,24.96,BA
2765,2907509,4.48,BA
2766,2929503,276.48,BA
2767,2931707,179.20000000000002,BA
2768,2902302,465.92,BA
2769,2904902,208.64000000000001,BA
2770,2910206,65.92,BA
2771,2917805,12.8,BA
2772,2920601,6.4,BA
2773,2922201,469.12,BA
2774,2922508,100.48,BA
2775,2928604,186.24,BA
2776,2928703,337.92,BA
2777,2929107,951.04,BA
2778,2929008,7.68,BA
2779,2933174,6.4,BA
2780,2905701,17.92,BA
2781,2929206,363.52,BA
2782,2930709,39.04,BA
2783,2933208,18.56,BA
2784,2904100,497.28000000000003,BA
2785,2904506,471.04,BA
2786,2907558,3757.44,BA
2787,2912509,179.84,BA
2788,2914109,49.92,BA
2789,2919801,2036.48,BA
2790,2923035,249.6,BA
2791,2923209,648.32,BA
2792,2931053,46.72,BA
2793,2900108,4033.28,BA
2794,2904001,384.0,BA
2795,2908804,4066.56,BA
2796,2912202,5120.0,BA
2797,2918605,3130.88,BA
2798,2919306,153.6,BA
2799,2921906,4800.0,BA
2800,2923506,57.6,BA
2801,2924306,1545.6000000000001,BA
2802,2926707,4570.24,BA
2803,2932804,314.24,BA
2804,2933406,99.2,BA
2805,2900603,145.28,BA
2806,2901007,967.6800000000001,BA
2807,2901957,133.12,BA
2808,2914307,62.08,BA
2809,2915106,296.96,BA
2810,2916708,7.68,BA
2811,2917607,271.36,BA
2812,2918001,3750.4,BA
2813,2918209,68.48,BA
2814,2918308,124.8,BA
2815,2918803,183.04,BA
2816,2922409,23.04,BA
2817,2932101,7.04,BA
2818,2900504,2965.12,BA
2819,2919504,394.24,BA
2820,2923605,1269.1200000000001,BA
2821,2926905,502.40000000000003,BA
2822,2905206,2824.32,BA
2823,2906600,19.2,BA
2824,2912004,907.52,BA
2825,2913408,842.24,BA
2826,2917334,149.12,BA
2827,2917409,569.6,BA
2828,2919405,1960.32,BA
2829,2920205,107.52,BA
2830,2921807,716.8000000000001,BA
2831,2923407,122.88,BA
2832,2924504,158.08,BA
2833,2926400,192.0,BA
2834,2930006,2109.44,BA
2835,2932606,60.160000000000004,BA
2836,2906899,12.16,BA
2837,2908705,656.64,BA
2838,2909000,480.64,BA
2839,2917201,4373.12,BA
2840,2919959,16.64,BA
2841,2924702,545.28,BA
2842,2925709,26.88,BA
2843,2931004,768.0,BA
2844,2931806,364.8,BA
2845,2901205,328.32,BA
2846,2902906,1446.4,BA
2847,2903508,16.64,BA
2848,2903706,942.08,BA
2849,2903953,96.0,BA
2850,2904803,76.8,BA
2851,2906709,35.2,BA
2852,2910008,337.92,BA
2853,2912301,90.88,BA
2854,2913507,1013.76,BA
2855,2920403,20.48,BA
2856,2921450,103.68,BA
2857,2922706,191.36,BA
2858,2925006,208.0,BA
2859,2925105,37.12,BA
2860,2933307,522.88,BA
2861,2910404,1697.28,BA
2862,2915809,201.6,BA
2863,2916401,14.08,BA
2864,2916807,2918.4,BA
2865,2917102,44.160000000000004,BA
2866,2919702,938.88,BA
2867,2920007,878.08,BA
2868,2925402,1334.4,BA
2869,2926657,656.64,BA
2870,2905800,98.56,BA
2871,2917300,142.72,BA
2872,2920700,85.76,BA
2873,2925758,19.2,BA
2874,2931202,5.76,BA
2875,2932903,48.64,BA
2876,2900900,627.84,BA
2877,2903102,81.28,BA
2878,2903409,263.68,BA
2879,2908002,364.8,BA
2880,2911204,84.48,BA
2881,2911501,3.2,BA
2882,2912905,125.44,BA
2883,2913606,697.6,BA
2884,2913903,178.56,BA
2885,2914901,729.6,BA
2886,2915205,32.64,BA
2887,2915502,403.2,BA
2888,2916203,134.4,BA
2889,2916302,1305.6000000000001,BA
2890,2916609,99.84,BA
2891,2918555,384.0,BA
2892,2932507,211.20000000000002,BA
2893,2932705,81.28,BA
2894,2900801,597.12,BA
2895,2906907,542656.0,BA
2896,2910727,697.6,BA
2897,2911808,4232.96,BA
2898,2912806,243253.12,BA
2899,2914653,2918.4,BA
2900,2915304,497.28000000000003,BA
2901,2915601,1280.0,BA
2902,2916005,10848.0,BA
2903,2918456,2457.6,BA
2904,2918902,298666.24,BA
2905,2921104,168960.0,BA
2906,2922003,234420.48,BA
2907,2923001,42716.16,BA
2908,2925303,659.2,BA
2909,2925501,341.12,BA
2910,2927705,170310.4,BA
2911,2931350,6789.12,BA
2912,2933257,2713.6,BA
2913,2300200,353.92,CE
2914,2304707,40.96,CE
2915,2306553,13.44,CE
2916,2303402,5280.0,CE
2917,2304236,199.68,CE
2918,2305001,52800.0,CE
2919,2305308,6096.0,CE
2920,2312304,81920.0,CE
2921,2313401,37440.0,CE
2922,2313609,6048.0,CE
2923,2314102,57408.0,CE
2924,2304004,320.64,CE
2925,2304509,480.0,CE
2926,2308807,29.44,CE
2927,2300507,126.08,CE
2928,2308203,450.56,CE
2929,2308005,224.0,CE
2930,2312908,76.16,CE
2931,2305803,1388.8,CE
2932,2305902,1146.88,CE
2933,2310951,266.24,CE
2934,2311009,268.8,CE
2935,2311702,249.6,CE
2936,2313955,103.68,CE
2937,2303659,177.28,CE
2938,2305209,373.12,CE
2939,2312205,1349.1200000000001,CE
2940,2306405,140.8,CE
2941,2313500,2326.4,CE
2942,2310209,5120.0,CE
2943,2310258,745.6,CE
2944,2312403,362.24,CE
2945,2306306,128.64000000000001,CE
2946,2313757,661.12,CE
2947,2313807,90.88,CE
2948,2312601,81.92,CE
2949,2302800,273.92,CE
2950,2303006,56.96,CE
2951,2306603,28.8,CE
2952,2310407,192.0,CE
2953,2301208,579.2,CE
2954,2301406,2064.0,CE
2955,2302107,1735.04,CE
2956,2306504,177.28,CE
2957,2309102,421.12,CE
2958,2309805,229.12,CE
2959,2310100,498.56,CE
2960,2311603,2565.76,CE
2961,2301950,45.44,CE
2962,2303956,259.2,CE
2963,2309458,169.6,CE
2964,2302206,7747.2,CE
2965,2303501,30892.16,CE
2966,2310852,3840.0,CE
2967,2301000,8960.0,CE
2968,2303709,270.08,CE
2969,2304954,414.08,CE
2970,2306256,89.60000000000001,CE
2971,2307650,21.12,CE
2972,2307700,1301.76,CE
2973,2309706,24.96,CE
2974,2305233,1705.6000000000001,CE
2975,2309607,98.56,CE
2976,2301257,143.36,CE
2977,2305654,45.44,CE
2978,2308609,98.56,CE
2979,2309300,39.68,CE
2980,2309409,36.480000000000004,CE
2981,2311264,48.0,CE
2982,2313203,17.28,CE
2983,2302404,59.52,CE
2984,2303600,691.2,CE
2985,2310308,33.28,CE
2986,2311900,112.64,CE
2987,2313302,80.64,CE
2988,2300309,864.0,CE
2989,2304269,1900.8,CE
2990,2308351,1120.0,CE
2991,2308500,915.84,CE
2992,2310506,439.04,CE
2993,2310902,466.56,CE
2994,2313005,835.2,CE
2995,2301109,145.28,CE
2996,2305357,126.08,CE
2997,2306900,103.68,CE
2998,2304277,800.0,CE
2999,2310803,414.72,CE
3000,2303808,449.28000000000003,CE
3001,2305407,86.4,CE
3002,2305506,97.92,CE
3003,2311355,128.0,CE
3004,2303303,98.56,CE
3005,2307403,97.28,CE
3006,2314003,387.84000000000003,CE
3007,2301802,61.44,CE
3008,2305704,513.92,CE
3009,2307502,4984.32,CE
3010,2313708,171.52,CE
3011,2301307,34.56,CE
3012,2303204,121.60000000000001,CE
3013,2304806,421.12,CE
3014,2301703,446.72,CE
3015,2302008,345.6,CE
3016,2308104,1112.96,CE
3017,2301901,12288.0,CE
3018,2304202,5632.0,CE
3019,2307106,88.96000000000001,CE
3020,2307304,210.56,CE
3021,2308401,784.0,CE
3022,2311108,276.48,CE
3023,2300101,58.88,CE
3024,2302503,405.76,CE
3025,2308302,179.84,CE
3026,5300108,11152.0,DF
3027,3200169,576.0,ES
3028,3200904,288.0,ES
3029,3202108,1920.0,ES
3030,3203304,105.60000000000001,ES
3031,3201001,10601.6,ES
3032,3203908,3910.4,ES
3033,3204708,576.0,ES
3034,3205150,501.76,ES
3035,3200359,1152.0,ES
3036,3201506,704.0,ES
3037,3203353,1408.0,ES
3038,3204005,96.0,ES
3039,3204658,144.0,ES
3040,3203502,83655.04000000001,ES
3041,3203601,3808.0,ES
3042,3204104,220598.4,ES
3043,3201605,351833.60000000003,ES
3044,3204054,198126.08000000002,ES
3045,3204906,64544.64,ES
3046,3200607,4266.88,ES
3047,3202207,575.36,ES
3048,3202504,9792.0,ES
3049,3203130,960.0,ES
3050,3203205,646094.08,ES
3051,3204351,2080.0,ES
3052,3205010,796.8000000000001,ES
3053,3200102,409.6,ES
3054,3201704,86.4,ES
3055,3201902,1056.0,ES
3056,3203346,96.0,ES
3057,3205069,231.04,ES
3058,3202702,688.0,ES
3059,3202900,1134.08,ES
3060,3204500,960.0,ES
3061,3204609,6044.16,ES
3062,3204955,9600.0,ES
3063,3201308,873.6,ES
3064,3205101,2856.32,ES
3065,3205200,3555.84,ES
3066,3200300,2304.0,ES
3067,3200409,192.0,ES
3068,3202405,1280.0,ES
3069,3202603,435.2,ES
3070,3204401,192.0,ES
3071,3200201,960.0,ES
3072,3202009,576.0,ES
3073,3202306,256.0,ES
3074,3202553,256.0,ES
3075,3202652,128.0,ES
3076,3203007,345.6,ES
3077,3201209,8064.0,ES
3078,3201407,2745.6,ES
3079,3205036,92.16,ES
3080,3202801,160001.92,ES
3081,3203320,32006.4,ES
3082,3204302,24960.0,ES
3083,5206404,725.76,GO
3084,5221577,268.8,GO
3085,5201702,27072.0,GO
3086,5213707,201600.0,GO
3087,5200555,201.6,GO
3088,5200829,282.24,GO
3089,5204706,113152.0,GO
3090,5212808,322.56,GO
3091,5214606,1411.2,GO
3092,5214879,576.0,GO
3093,5219704,576.0,GO
3094,5221601,326400.0,GO
3095,5205521,384.0,GO
3096,5203203,331520.0,GO
3097,5205000,413284.48,GO
3098,5208608,1025120.0,GO
3099,5209804,34816.0,GO
3100,5210158,219818.88,GO
3101,5210901,318814.08,GO
3102,5211206,316286.72000000003,GO
3103,5214705,33459.2,GO
3104,5214861,538012.8,GO
3105,5218607,96590.72,GO
3106,5218706,39686.4,GO
3107,5218904,323004.16000000003,GO
3108,5219357,269688.96,GO
3109,5219456,184832.0,GO
3110,5220157,783360.0,GO
3111,5220280,67465.6,GO
3112,5221700,154255.36000000002,GO
3113,5210000,362359.04,GO
3114,5210406,131840.0,GO
3115,5211800,17049.6,GO
3116,5201306,423146.88,GO
3117,5202809,63040.0,GO
3118,5213905,20181.12,GO
3119,5219001,2579.2000000000003,GO
3120,5219100,26880.0,GO
3121,5221502,26880.0,GO
3122,5208806,50304.0,GO
3123,5221403,17723.52,GO
3124,5208004,63360.0,GO
3125,5222203,390926.08,GO
3126,5222302,1218240.0,GO
3127,5201504,1019520.0,GO
3128,5205059,240000.0,GO
3129,5205471,1537920.0,GO
3130,5211909,1843200.0,GO
3131,5213004,535040.0,GO
3132,5213103,2196480.0,GO
3133,5213756,54656.0,GO
3134,5216452,380800.0,GO
3135,5218805,1207040.0,GO
3136,5219308,1280000.0,GO
3137,5219712,274560.0,GO
3138,5220504,597336.3200000001,GO
3139,5200134,1541760.0,GO
3140,5207352,4320.0,GO
3141,5207402,1459200.0,GO
3142,5209952,166400.0,GO
3143,5211701,528364.8,GO
3144,5216403,710400.0,GO
3145,5221551,830361.6,GO
3146,5203500,1700736.0,GO
3147,5203906,135096.32,GO
3148,5204250,849891.84,GO
3149,5204508,224.0,GO
3150,5209101,2697216.0,GO
3151,5209937,1028576.0,GO
3152,5211503,2497907.2,GO
3153,5212105,113472.0,GO
3154,5212907,672.0,GO
3155,5213806,1033600.0,GO
3156,5216007,390688.0,GO
3157,5217104,1440.0,GO
3158,5217708,212907.52000000002,GO
3159,5218052,1346508.8,GO
3160,5218789,739.84,GO
3161,5222054,911360.0,GO
3162,5201207,214.4,GO
3163,5204805,51200.0,GO
3164,5205109,40960.0,GO
3165,5205901,1920.0,GO
3166,5206602,192.0,GO
3167,5206909,576.0,GO
3168,5208509,730.88,GO
3169,5210109,158576.64,GO
3170,5214804,1564.16,GO
3171,5215504,1587.2,GO
3172,5221304,192.0,GO
3173,5204102,385717.76,GO
3174,5204300,874019.84,GO
3175,5209150,1455600.0,GO
3176,5211305,291624.96,GO
3177,5216304,825098.24,GO
3178,5218508,3832141.44,GO
3179,5220405,200000.0,GO
