,cod_ibge,uf,qnt_produzida
0,1100015,RO,94.5
1,1100023,RO,119.0
2,1100031,RO,17.0
3,1100049,RO,536.5
4,1100056,RO,23.0
5,1100064,RO,45.5
6,1100072,RO,6.0
7,1100080,RO,6.0
8,1100098,RO,142.5
9,1100106,RO,41.5
10,1100114,RO,39.0
11,1100122,RO,53.0
12,1100130,RO,85.5
13,1100148,RO,180.5
14,1100155,RO,16.0
15,1100189,RO,102.0
16,1100205,RO,542.5
17,1100254,RO,247.5
18,1100288,RO,512.5
19,1100296,RO,25.0
20,1100304,RO,70.5
21,1100320,RO,101.5
22,1100338,RO,40.5
23,1100346,RO,32.5
24,1100379,RO,136.0
25,1100403,RO,98.0
26,1100452,RO,65.0
27,1100502,RO,65.0
28,1100601,RO,51.0
29,1100700,RO,39.5
30,1100809,RO,167.5
31,1100908,RO,92.0
32,1100924,RO,11.0
33,1100940,RO,36.0
34,1101005,RO,27.0
35,1101104,RO,61.0
36,1101203,RO,312.5
37,1101302,RO,4.0
38,1101401,RO,45.0
39,1101435,RO,4.0
40,1101450,RO,12.5
41,1101476,RO,26.0
42,1101484,RO,35.0
43,1101500,RO,135.0
44,1101708,RO,2.5
45,1101757,RO,42.0
46,1101807,RO,17.0
47,1200013,AC,753.0
48,1200054,AC,57.5
49,1200104,AC,178.0
50,1200138,AC,622.0
51,1200179,AC,445.0
52,1200203,AC,284.5
53,1200252,AC,180.5
54,1200302,AC,216.5
55,1200328,AC,73.5
56,1200336,AC,101.0
57,1200344,AC,178.5
58,1200351,AC,54.5
59,1200385,AC,1840.0
60,1200393,AC,46.0
61,1200401,AC,618.0
62,1200427,AC,112.5
63,1200435,AC,84.5
64,1200450,AC,744.5
65,1200500,AC,545.5
66,1200609,AC,192.0
67,1200708,AC,104.5
68,1200807,AC,491.0
69,1300086,AM,90.0
70,1300102,AM,10.0
71,1300144,AM,104.5
72,1300201,AM,28.5
73,1300300,AM,318.0
74,1300409,AM,51.0
75,1300508,AM,36.0
76,1300607,AM,271.0
77,1300631,AM,20.0
78,1300680,AM,75.0
79,1300706,AM,11.5
80,1300805,AM,116.0
81,1300839,AM,43.5
82,1301001,AM,48.0
83,1301100,AM,401.0
84,1301159,AM,561.0
85,1301209,AM,105.0
86,1301308,AM,115.0
87,1301407,AM,81.0
88,1301506,AM,68.5
89,1301654,AM,22.0
90,1301704,AM,86.5
91,1301852,AM,1541.5
92,1301902,AM,1841.0
93,1301951,AM,40.5
94,1302009,AM,154.0
95,1302108,AM,18.0
96,1302504,AM,4433.5
97,1302553,AM,834.0
98,1302603,AM,487.5
99,1302702,AM,185.0
100,1302801,AM,13.5
101,1302900,AM,63.5
102,1303007,AM,34.0
103,1303106,AM,126.5
104,1303304,AM,139.0
105,1303403,AM,113.0
106,1303502,AM,44.5
107,1303536,AM,705.5
108,1303569,AM,3900.0
109,1303601,AM,33.0
110,1303809,AM,44.0
111,1303908,AM,21.0
112,1303957,AM,56.0
113,1304005,AM,86.5
114,1304062,AM,20.0
115,1304104,AM,10.0
116,1304203,AM,250.0
117,1304237,AM,17.0
118,1304260,AM,11.0
119,1304302,AM,169.5
120,1304401,AM,114.0
121,1400027,RR,85.0
122,1400050,RR,562.5
123,1400100,RR,1065.0
124,1400159,RR,2118.0
125,1400175,RR,875.0
126,1400209,RR,1712.0
127,1400233,RR,725.0
128,1400282,RR,309.0
129,1400308,RR,252.5
130,1400407,RR,79.0
131,1400456,RR,57.0
132,1400472,RR,9016.0
133,1400506,RR,75.0
134,1400605,RR,440.0
135,1400704,RR,42.0
136,1500107,PA,266.0
137,1500131,PA,19.0
138,1500206,PA,431.0
139,1500404,PA,5513.5
140,1500503,PA,192.5
141,1500602,PA,284.5
142,1500859,PA,372.0
143,1500909,PA,59.0
144,1500958,PA,195.5
145,1501006,PA,144.0
146,1501105,PA,8.5
147,1501303,PA,271.0
148,1501451,PA,67.5
149,1501576,PA,117.0
150,1501600,PA,33.0
151,1501709,PA,75.0
152,1501725,PA,75.0
153,1501758,PA,50.0
154,1501782,PA,40.0
155,1501808,PA,13.5
156,1501907,PA,69.0
157,1501956,PA,21.5
158,1502103,PA,400.5
159,1502152,PA,55.0
160,1502202,PA,166.5
161,1502301,PA,88114.0
162,1502400,PA,750.0
163,1502608,PA,6.0
164,1502756,PA,459.0
165,1502764,PA,36.0
166,1502772,PA,100.0
167,1502806,PA,1.5
168,1502905,PA,45.0
169,1502939,PA,201.0
170,1502954,PA,110.0
171,1503002,PA,22.5
172,1503044,PA,110.0
173,1503077,PA,6792.0
174,1503093,PA,299.0
175,1503101,PA,75.0
176,1503200,PA,2035.0
177,1503309,PA,175.0
178,1503408,PA,455.0
179,1503457,PA,387.0
180,1503507,PA,1872.0
181,1503606,PA,666.0
182,1503705,PA,110.0
183,1503903,PA,30.0
184,1504059,PA,167.5
185,1504109,PA,50.0
186,1504208,PA,196.5
187,1504307,PA,491.5
188,1504406,PA,199.0
189,1504455,PA,328.0
190,1504604,PA,50.0
191,1504703,PA,718.5
192,1504752,PA,190.0
193,1504802,PA,34795.0
194,1504950,PA,697.5
195,1505007,PA,147.0
196,1505031,PA,251.5
197,1505106,PA,230.0
198,1505205,PA,135.0
199,1505304,PA,204.5
200,1505403,PA,5265.0
201,1505486,PA,175.5
202,1505502,PA,64.5
203,1505536,PA,350.0
204,1505650,PA,36.0
205,1505908,PA,143.5
206,1506005,PA,2287.0
207,1506195,PA,144.0
208,1506500,PA,233.5
209,1506559,PA,160.0
210,1506807,PA,1196.5
211,1507003,PA,180.0
212,1507201,PA,350.0
213,1507409,PA,1350.0
214,1507458,PA,400.0
215,1507466,PA,116.0
216,1507508,PA,125.0
217,1507607,PA,305.5
218,1507805,PA,112.5
219,1507953,PA,300.0
220,1507961,PA,150.0
221,1507979,PA,24.5
222,1508001,PA,720.5
223,1508035,PA,111.0
224,1508050,PA,149.0
225,1508126,PA,212.5
226,1508159,PA,180.0
227,1508209,PA,175.0
228,1508308,PA,180.0
229,1508357,PA,1321.0
230,1600055,AP,73.5
231,1600105,AP,59.0
232,1600154,AP,102.0
233,1600204,AP,120.5
234,1600238,AP,54.0
235,1600279,AP,227.0
236,1600303,AP,287.0
237,1600402,AP,173.5
238,1600501,AP,107.5
239,1600535,AP,391.5
240,1600550,AP,60.0
241,1600600,AP,68.0
242,1600709,AP,234.5
243,1600808,AP,141.0
244,1700251,TO,57.5
245,1701002,TO,20.0
246,1702109,TO,9.5
247,1702208,TO,8.0
248,1702901,TO,15.0
249,1703206,TO,25.0
250,1703800,TO,4.5
251,1703909,TO,20.0
252,1706001,TO,37.5
253,1707009,TO,96.0
254,1707207,TO,6.0
255,1707405,TO,9.0
256,1708254,TO,35.0
257,1710706,TO,9.0
258,1712801,TO,3.0
259,1713304,TO,50.0
260,1713809,TO,54.0
261,1714302,TO,32.5
262,1714880,TO,65.5
263,1716653,TO,18.5
264,1718303,TO,5.0
265,1718758,TO,10.0
266,1718808,TO,2.5
267,1720309,TO,5.0
268,1720804,TO,45.0
269,1721208,TO,260.0
270,1722107,TO,20.0
271,2100105,MA,2.0
272,2100204,MA,10.5
273,2100907,MA,3.5
274,2101103,MA,6.0
275,2101251,MA,6.0
276,2101350,MA,6.0
277,2101707,MA,15.0
278,2101806,MA,3.0
279,2101905,MA,15.5
280,2102309,MA,1.5
281,2102358,MA,9.5
282,2102556,MA,3.0
283,2102705,MA,2.5
284,2103257,MA,7.5
285,2103307,MA,2.5
286,2103406,MA,1.5
287,2103703,MA,5.0
288,2103901,MA,1.0
289,2104677,MA,6.5
290,2104800,MA,9.0
291,2105401,MA,3.0
292,2105989,MA,16.5
293,2106607,MA,1.5
294,2106755,MA,3.0
295,2107209,MA,3.0
296,2107605,MA,23.5
297,2107803,MA,1.5
298,2108009,MA,8.5
299,2108058,MA,2.0
300,2108207,MA,2.5
301,2108405,MA,16.0
302,2108454,MA,2.5
303,2108603,MA,36.5
304,2109007,MA,6.5
305,2109205,MA,6.5
306,2109270,MA,20.0
307,2109304,MA,3.0
308,2109601,MA,9.0
309,2110203,MA,6.0
310,2110237,MA,1.5
311,2110500,MA,10.5
312,2110856,MA,2.0
313,2111904,MA,5.0
314,2111953,MA,3.0
315,2112209,MA,2.0
316,2112704,MA,3.0
317,2200400,PI,20.0
318,2200459,PI,14.0
319,2200509,PI,90.0
320,2200806,PI,35.0
321,2201150,PI,31.5
322,2201200,PI,88.0
323,2201408,PI,37.0
324,2201507,PI,9.0
325,2201919,PI,12.5
326,2201960,PI,57.5
327,2202703,PI,25.0
328,2203701,PI,53.5
329,2203909,PI,9.0
330,2204709,PI,60.0
331,2205508,PI,142.5
332,2205607,PI,9.0
333,2206209,PI,18.0
334,2208908,PI,14.5
335,2210201,PI,14.5
336,2211001,PI,240.0
337,2211100,PI,75.0
338,2211308,PI,5.0
339,2300101,CE,61.0
340,2300150,CE,3.0
341,2300200,CE,7.5
342,2300507,CE,12.5
343,2300705,CE,91.0
344,2300903,CE,27.5
345,2301208,CE,41.0
346,2301307,CE,18.0
347,2301406,CE,113.0
348,2301703,CE,39.5
349,2301901,CE,383.5
350,2302008,CE,15.0
351,2302206,CE,48.5
352,2302305,CE,280.5
353,2302404,CE,12.5
354,2302503,CE,160.0
355,2302602,CE,14.5
356,2302800,CE,4.0
357,2303006,CE,6.5
358,2303105,CE,38.0
359,2303204,CE,141.0
360,2303402,CE,897.0
361,2303501,CE,206.5
362,2303600,CE,41.0
363,2303931,CE,12.5
364,2304202,CE,106.0
365,2304236,CE,4743.5
366,2304301,CE,34.5
367,2304350,CE,4.0
368,2304509,CE,263.5
369,2304608,CE,26.5
370,2304657,CE,18.0
371,2304707,CE,9.0
372,2304806,CE,9.0
373,2304954,CE,243.0
374,2305001,CE,12272.5
375,2305100,CE,8.5
376,2305209,CE,7.5
377,2305308,CE,10156.5
378,2305357,CE,780.5
379,2305407,CE,5.0
380,2305506,CE,29.0
381,2305803,CE,6230.0
382,2305902,CE,1004.5
383,2306108,CE,3.5
384,2306207,CE,24.5
385,2306603,CE,3.0
386,2307007,CE,1073.5
387,2307106,CE,118.0
388,2307205,CE,532.5
389,2307304,CE,103.0
390,2307502,CE,66.0
391,2307601,CE,1233.0
392,2307650,CE,29.5
393,2307700,CE,200.5
394,2307809,CE,42.0
395,2307908,CE,5.0
396,2308005,CE,27.5
397,2308104,CE,336.5
398,2308203,CE,68.5
399,2308302,CE,55.0
400,2308351,CE,7.5
401,2308401,CE,170.5
402,2308500,CE,17.5
403,2309003,CE,12.5
404,2309102,CE,75.5
405,2309201,CE,50.0
406,2309706,CE,46.0
407,2309805,CE,47.5
408,2309904,CE,4.0
409,2310100,CE,65.0
410,2310407,CE,2.5
411,2310506,CE,5.0
412,2310605,CE,874.5
413,2310704,CE,34.0
414,2310803,CE,58.0
415,2310951,CE,102.5
416,2311108,CE,300.5
417,2311355,CE,3.0
418,2311405,CE,162.0
419,2311504,CE,199.0
420,2311603,CE,53.0
421,2311702,CE,181.5
422,2311801,CE,524.5
423,2312106,CE,163.0
424,2312205,CE,25.5
425,2312304,CE,6533.5
426,2312502,CE,375.0
427,2312700,CE,1.0
428,2312809,CE,9.0
429,2312908,CE,50.0
430,2313104,CE,652.5
431,2313401,CE,15720.5
432,2313609,CE,13500.5
433,2313807,CE,6.0
434,2313955,CE,63.0
435,2314102,CE,21947.5
436,2400109,RN,35.0
437,2400208,RN,9.0
438,2401008,RN,24.0
439,2401503,RN,6.0
440,2401651,RN,132.0
441,2401701,RN,6.0
442,2401800,RN,17.5
443,2402006,RN,4.0
444,2402105,RN,1.5
445,2402402,RN,8.0
446,2402709,RN,5255.0
447,2402808,RN,925.0
448,2402907,RN,8.0
449,2403103,RN,27.0
450,2403251,RN,25.0
451,2403400,RN,4.0
452,2403806,RN,8.5
453,2404200,RN,50.0
454,2404804,RN,4.0
455,2405009,RN,764.0
456,2405306,RN,12.0
457,2405603,RN,2.0
458,2405702,RN,6.0
459,2406155,RN,30.0
460,2406205,RN,12.0
461,2406304,RN,16.0
462,2406403,RN,12.0
463,2406502,RN,752.0
464,2407302,RN,6.0
465,2407906,RN,24.0
466,2408003,RN,19.0
467,2408201,RN,60.0
468,2408508,RN,4.5
469,2408805,RN,9.0
470,2408904,RN,18.5
471,2409100,RN,6.0
472,2409332,RN,6.0
473,2410306,RN,6.0
474,2410405,RN,26.0
475,2410603,RN,15.0
476,2410801,RN,4.0
477,2410900,RN,6.0
478,2411106,RN,6.0
479,2411205,RN,10.0
480,2412203,RN,253.5
481,2412302,RN,6.0
482,2412500,RN,12.0
483,2412609,RN,6.0
484,2412906,RN,13.0
485,2413003,RN,13.5
486,2413102,RN,9.5
487,2413300,RN,56.0
488,2413409,RN,2.0
489,2413706,RN,11.5
490,2414001,RN,2.0
491,2414159,RN,24.0
492,2414308,RN,2.0
493,2414902,RN,2.5
494,2500106,PB,15.0
495,2500403,PB,3170.0
496,2500502,PB,37.0
497,2500601,PB,302.0
498,2500809,PB,68.5
499,2501005,PB,1350.0
500,2501104,PB,44.0
501,2501302,PB,18.0
502,2501401,PB,65.5
503,2501500,PB,40.5
504,2501575,PB,12.0
505,2501708,PB,100.0
506,2501906,PB,24.0
507,2502508,PB,212.5
508,2502706,PB,17.5
509,2503001,PB,80.0
510,2503100,PB,60.0
511,2503506,PB,405.0
512,2504009,PB,15.0
513,2504033,PB,17.0
514,2504603,PB,232.5
515,2504702,PB,30.0
516,2504900,PB,120.5
517,2505105,PB,200.0
518,2505204,PB,40.0
519,2505238,PB,29.5
520,2505279,PB,40.0
521,2505808,PB,17.5
522,2506004,PB,430.5
523,2506103,PB,25.0
524,2506301,PB,17.5
525,2506400,PB,4.0
526,2507101,PB,36.0
527,2507309,PB,81.0
528,2507507,PB,10.0
529,2508000,PB,112.5
530,2508208,PB,17.5
531,2508307,PB,1164.0
532,2508604,PB,70.0
533,2508901,PB,116.5
534,2509057,PB,100.5
535,2509107,PB,18.5
536,2509206,PB,48.0
537,2509305,PB,52.5
538,2509339,PB,2300.0
539,2509701,PB,42.0
540,2509800,PB,12.0
541,2509909,PB,37.5
542,2510105,PB,415.0
543,2510600,PB,18.0
544,2510709,PB,4.0
545,2511202,PB,234.0
546,2511400,PB,300.0
547,2511509,PB,8.0
548,2511608,PB,66.0
549,2511707,PB,23.5
550,2511806,PB,62.5
551,2511905,PB,265.0
552,2512200,PB,18.0
553,2512408,PB,38.0
554,2512606,PB,4.0
555,2512705,PB,105.0
556,2512721,PB,20.0
557,2512762,PB,17.0
558,2512903,PB,62.5
559,2513703,PB,70.0
560,2513851,PB,6.0
561,2513943,PB,16.0
562,2514453,PB,10.0
563,2514552,PB,4.0
564,2515104,PB,605.0
565,2515302,PB,82.5
566,2515609,PB,15.0
567,2515807,PB,38.5
568,2515906,PB,94.5
569,2515930,PB,9.0
570,2515971,PB,9.0
571,2516003,PB,41.5
572,2516300,PB,48.0
573,2516409,PB,45.0
574,2516607,PB,4.0
575,2517001,PB,17.5
576,2600054,PE,97.5
577,2600104,PE,10.0
578,2600401,PE,46.5
579,2600500,PE,7.5
580,2600708,PE,40.0
581,2600906,PE,590.0
582,2601003,PE,40.0
583,2601300,PE,1200.0
584,2601409,PE,40.5
585,2601607,PE,2610.0
586,2601706,PE,104.0
587,2601805,PE,10.5
588,2601904,PE,10.5
589,2602100,PE,5.0
590,2602209,PE,700.0
591,2602308,PE,787.5
592,2602407,PE,82.5
593,2602605,PE,29.0
594,2602902,PE,25.0
595,2603009,PE,480.0
596,2603306,PE,150.0
597,2603405,PE,15.0
598,2603603,PE,12.5
599,2603900,PE,61.5
600,2604205,PE,27.5
601,2604304,PE,285.0
602,2604601,PE,4.0
603,2604700,PE,240.0
604,2605301,PE,35.0
605,2605400,PE,60.0
606,2605905,PE,74.0
607,2606002,PE,81.5
608,2606101,PE,285.0
609,2606200,PE,38.0
610,2606903,PE,11.0
611,2607109,PE,11.0
612,2607208,PE,225.0
613,2607307,PE,10.0
614,2607406,PE,150.0
615,2607802,PE,48.5
616,2607901,PE,188.0
617,2608057,PE,11.0
618,2608107,PE,15.0
619,2608305,PE,16.0
620,2608453,PE,151.0
621,2608503,PE,600.0
622,2608602,PE,17.5
623,2608701,PE,670.0
624,2608750,PE,110.0
625,2608909,PE,103.0
626,2609006,PE,125.0
627,2609105,PE,309.0
628,2609204,PE,23.0
629,2609303,PE,45.0
630,2609402,PE,118.0
631,2609501,PE,43.0
632,2609709,PE,30.0
633,2609808,PE,910.0
634,2610004,PE,24.0
635,2610103,PE,10.5
636,2610202,PE,37.5
637,2610400,PE,90.0
638,2610509,PE,10.0
639,2610608,PE,49.5
640,2611002,PE,301.5
641,2611101,PE,1400.0
642,2611804,PE,480.0
643,2612000,PE,4800.0
644,2612208,PE,1147.5
645,2612307,PE,45.0
646,2612604,PE,595.0
647,2612802,PE,24.0
648,2613206,PE,25.0
649,2613503,PE,152.5
650,2613602,PE,37.5
651,2613701,PE,160.0
652,2613800,PE,100.0
653,2613909,PE,6.0
654,2614006,PE,75.0
655,2614303,PE,25.0
656,2614600,PE,39.0
657,2614709,PE,75.0
658,2614808,PE,28.5
659,2615003,PE,30.0
660,2615201,PE,97.5
661,2615300,PE,3.5
662,2615508,PE,40.0
663,2615706,PE,44.0
664,2615805,PE,120.0
665,2615904,PE,19.5
666,2616100,PE,37.5
667,2616308,PE,42.5
668,2616407,PE,250.0
669,2616506,PE,150.5
670,2700102,AL,25.5
671,2700201,AL,276.0
672,2700300,AL,127.0
673,2700409,AL,235.5
674,2700508,AL,22.5
675,2700805,AL,45.5
676,2700904,AL,14.0
677,2701001,AL,422.0
678,2701100,AL,15940.0
679,2701308,AL,357.5
680,2701357,AL,61.0
681,2701407,AL,91.0
682,2701605,AL,10.0
683,2701704,AL,1196.5
684,2701902,AL,1378.0
685,2702108,AL,232.5
686,2702207,AL,47.5
687,2702306,AL,2297.0
688,2702405,AL,26.0
689,2702553,AL,18.0
690,2702603,AL,37.5
691,2702702,AL,34.5
692,2702801,AL,525.5
693,2702900,AL,27.5
694,2703007,AL,80.0
695,2703106,AL,22.5
696,2703205,AL,239.0
697,2703304,AL,24.5
698,2703502,AL,1599.0
699,2703601,AL,152.5
700,2703759,AL,110.0
701,2703809,AL,2895.0
702,2703908,AL,70.0
703,2704005,AL,110.0
704,2704203,AL,223.0
705,2704500,AL,810.0
706,2704708,AL,60.0
707,2704807,AL,285.5
708,2704906,AL,54.0
709,2705002,AL,115.0
710,2705101,AL,246.0
711,2705200,AL,117.5
712,2705507,AL,2272.5
713,2705606,AL,549.5
714,2705705,AL,25.0
715,2705903,AL,14.0
716,2706000,AL,5.0
717,2706109,AL,3.0
718,2706307,AL,96.5
719,2706406,AL,5.0
720,2706422,AL,37.5
721,2706448,AL,10.5
722,2706505,AL,56.5
723,2706703,AL,915.0
724,2706802,AL,50.5
725,2706901,AL,30.0
726,2707008,AL,6.0
727,2707305,AL,855.0
728,2707404,AL,157.0
729,2707503,AL,17.5
730,2707602,AL,102.5
731,2707701,AL,10.0
732,2708105,AL,38060.0
733,2708204,AL,50.0
734,2708303,AL,1272.5
735,2708402,AL,50.0
736,2708501,AL,362.5
737,2708600,AL,13.0
738,2708709,AL,56.5
739,2708808,AL,187.5
740,2709004,AL,93.0
741,2709103,AL,86.5
742,2709152,AL,551.5
743,2709301,AL,5251.0
744,2709400,AL,498.0
745,2800209,SE,5.0
746,2800407,SE,17142.0
747,2800670,SE,11917.5
748,2801306,SE,65.0
749,2801702,SE,27394.5
750,2802106,SE,5724.5
751,2802809,SE,16512.5
752,2803005,SE,25238.0
753,2803203,SE,6520.5
754,2803302,SE,64.0
755,2803401,SE,5714.5
756,2803500,SE,20936.5
757,2804300,SE,9.0
758,2804409,SE,1631.0
759,2804607,SE,15.0
760,2804904,SE,29.0
761,2805109,SE,4881.0
762,2805406,SE,45.0
763,2805703,SE,10.0
764,2805802,SE,5450.0
765,2805901,SE,29.0
766,2806206,SE,15219.5
767,2806305,SE,10688.5
768,2806404,SE,1108.0
769,2806503,SE,15.0
770,2806800,SE,284.5
771,2807105,SE,102.0
772,2807204,SE,10.0
773,2807402,SE,16.0
774,2807501,SE,13834.0
775,2807600,SE,22112.0
776,2900108,BA,93.0
777,2900207,BA,65.5
778,2900306,BA,3616.0
779,2900405,BA,2.5
780,2900504,BA,389.5
781,2900603,BA,3.5
782,2900702,BA,9076.5
783,2900801,BA,429.0
784,2900900,BA,32.5
785,2901007,BA,273.0
786,2901106,BA,18.0
787,2901205,BA,85.5
788,2901908,BA,2379.0
789,2901957,BA,28.5
790,2902005,BA,200.0
791,2902054,BA,452.5
792,2902104,BA,51.0
793,2902203,BA,645.0
794,2902302,BA,141.5
795,2902500,BA,154.5
796,2902708,BA,110.0
797,2902807,BA,10250.0
798,2902906,BA,683.5
799,2903102,BA,12.0
800,2903201,BA,5319.0
801,2903235,BA,14.0
802,2903276,BA,2.5
803,2903409,BA,15.5
804,2903508,BA,433.5
805,2903706,BA,109.0
806,2903904,BA,2366.0
807,2904001,BA,147.0
808,2904050,BA,605.0
809,2904308,BA,621.5
810,2904605,BA,2950.0
811,2904803,BA,2.5
812,2904852,BA,1170.5
813,2904902,BA,119.5
814,2905008,BA,359.5
815,2905156,BA,224.5
816,2905206,BA,297.0
817,2905602,BA,20.0
818,2905701,BA,345.5
819,2905800,BA,3.5
820,2906006,BA,299.5
821,2906204,BA,18.5
822,2906303,BA,62.0
823,2906501,BA,2.0
824,2906709,BA,7.0
825,2906907,BA,579.5
826,2907004,BA,262.0
827,2907103,BA,1751.0
828,2907202,BA,772.5
829,2907301,BA,686.0
830,2907509,BA,42.5
831,2907558,BA,81.0
832,2907806,BA,15.0
833,2908200,BA,136.0
834,2908309,BA,1185.5
835,2908408,BA,123.5
836,2908606,BA,1734.0
837,2908705,BA,62.5
838,2908804,BA,951.0
839,2909000,BA,11.5
840,2909505,BA,89.5
841,2909604,BA,895.5
842,2909802,BA,2766.5
843,2909901,BA,1435.0
844,2910008,BA,36.0
845,2910057,BA,61.5
846,2910107,BA,3489.0
847,2910206,BA,184.5
848,2910305,BA,227.0
849,2910404,BA,25.0
850,2910503,BA,5795.5
851,2910602,BA,20280.5
852,2910727,BA,2778.5
853,2910750,BA,9.0
854,2911105,BA,20.0
855,2911204,BA,51.5
856,2911303,BA,2.0
857,2911402,BA,46.5
858,2911600,BA,3104.5
859,2911659,BA,22.5
860,2911709,BA,46.0
861,2911808,BA,252.0
862,2911907,BA,1716.0
863,2912004,BA,4.0
864,2912103,BA,75.0
865,2912202,BA,4200.0
866,2912301,BA,5.5
867,2912707,BA,39.5
868,2912806,BA,786.0
869,2912905,BA,67.0
870,2913002,BA,7.0
871,2913101,BA,21.0
872,2913408,BA,4.5
873,2913457,BA,8.0
874,2913507,BA,38.0
875,2913606,BA,85.0
876,2913705,BA,61869.0
877,2913903,BA,4.5
878,2914208,BA,390.0
879,2914307,BA,398.5
880,2914406,BA,233.0
881,2914505,BA,34.5
882,2914653,BA,16.5
883,2914703,BA,930.5
884,2914901,BA,49.0
885,2915106,BA,35.0
886,2915205,BA,12.0
887,2915502,BA,32.0
888,2915601,BA,167.0
889,2915700,BA,42.0
890,2916005,BA,36.5
891,2916302,BA,15.5
892,2916500,BA,25613.5
893,2916708,BA,1151.5
894,2916906,BA,3555.5
895,2917102,BA,7.5
896,2917201,BA,7575.0
897,2917409,BA,10.5
898,2917508,BA,14.0
899,2917607,BA,3454.0
900,2917706,BA,8.5
901,2917805,BA,4981.0
902,2917904,BA,4262.5
903,2918001,BA,1038.0
904,2918100,BA,52.0
905,2918209,BA,86.0
906,2918308,BA,47.0
907,2918357,BA,35.0
908,2918407,BA,4036.0
909,2918456,BA,58.0
910,2918506,BA,79.0
911,2918605,BA,1312.0
912,2918704,BA,614.0
913,2918753,BA,100.0
914,2918803,BA,3642.0
915,2918902,BA,4.5
916,2919009,BA,5.5
917,2919058,BA,1374.0
918,2919108,BA,4.0
919,2919306,BA,569.5
920,2919405,BA,689.0
921,2919504,BA,23127.5
922,2919553,BA,1182.5
923,2919801,BA,15.5
924,2920304,BA,35.0
925,2920403,BA,300.0
926,2920502,BA,926.5
927,2920601,BA,736.5
928,2920700,BA,111.0
929,2921005,BA,209.5
930,2921104,BA,39.0
931,2921401,BA,225.0
932,2921450,BA,501.5
933,2921708,BA,1505.5
934,2921807,BA,6.5
935,2921906,BA,4885.0
936,2922003,BA,792.5
937,2922102,BA,131.5
938,2922201,BA,47.0
939,2922250,BA,50.0
940,2922300,BA,2198.0
941,2922409,BA,100.5
942,2922508,BA,156.0
943,2922706,BA,38.5
944,2922755,BA,22.5
945,2922805,BA,43.0
946,2922904,BA,51.0
947,2923001,BA,564.5
948,2923100,BA,108.0
949,2923308,BA,25.5
950,2923506,BA,31.0
951,2923605,BA,343.0
952,2923803,BA,81.0
953,2924009,BA,15.0
954,2924108,BA,24.0
955,2924306,BA,130.0
956,2924504,BA,12.5
957,2924603,BA,16.5
958,2924678,BA,3.5
959,2924801,BA,25.0
960,2924900,BA,435.0
961,2925006,BA,72.0
962,2925105,BA,382.5
963,2925204,BA,33.0
964,2925253,BA,286.0
965,2925303,BA,182.0
966,2925501,BA,1319.0
967,2925709,BA,18.5
968,2925758,BA,223.0
969,2926202,BA,603.5
970,2926400,BA,84.0
971,2926509,BA,50.5
972,2926608,BA,340.0
973,2926707,BA,5195.0
974,2926806,BA,20.0
975,2926905,BA,2.5
976,2927002,BA,128383.5
977,2927200,BA,5.0
978,2927705,BA,291.0
979,2927903,BA,64.0
980,2928059,BA,21.0
981,2928109,BA,22.0
982,2928208,BA,20.0
983,2928604,BA,102.5
984,2928703,BA,5142.0
985,2928901,BA,1781.5
986,2929008,BA,83.5
987,2929057,BA,723.5
988,2929107,BA,579.0
989,2929255,BA,7.0
990,2929404,BA,2025.0
991,2929503,BA,59.0
992,2929602,BA,4970.0
993,2929701,BA,12058.0
994,2929909,BA,92.5
995,2930006,BA,362.5
996,2930105,BA,18.5
997,2930204,BA,50.0
998,2930501,BA,30.0
999,2930774,BA,277.5
1000,2930808,BA,90.0
1001,2931004,BA,4702.5
1002,2931053,BA,16.5
1003,2931202,BA,11.5
1004,2931301,BA,205.5
1005,2931350,BA,119.5
1006,2931400,BA,11.5
1007,2931509,BA,3.0
1008,2931608,BA,57.0
1009,2931707,BA,4.5
1010,2931806,BA,10.5
1011,2931905,BA,65.0
1012,2932101,BA,216.0
1013,2932309,BA,8.0
1014,2932408,BA,14.0
1015,2932507,BA,173.5
1016,2932606,BA,384.5
1017,2932705,BA,22.5
1018,2932804,BA,201.5
1019,2932903,BA,482.5
1020,2933059,BA,41.5
1021,2933158,BA,216.0
1022,2933174,BA,2308.0
1023,2933208,BA,5.0
1024,2933257,BA,16.5
1025,2933307,BA,307.0
1026,2933406,BA,26.0
1027,2933455,BA,61.0
1028,2933505,BA,430.0
1029,3100104,MG,55.0
1030,3100203,MG,100.0
1031,3100302,MG,4.5
1032,3100401,MG,5.0
1033,3100500,MG,2.5
1034,3100609,MG,44.0
1035,3100807,MG,18.0
1036,3101003,MG,9.0
1037,3101102,MG,240.0
1038,3101607,MG,180.0
1039,3101631,MG,7.5
1040,3101706,MG,9.0
1041,3101805,MG,33.0
1042,3101904,MG,27.0
1043,3102001,MG,875.0
1044,3102100,MG,280.0
1045,3102209,MG,17.0
1046,3102605,MG,28.5
1047,3102704,MG,13.5
1048,3102803,MG,2115.0
1049,3102852,MG,22.5
1050,3102902,MG,68.0
1051,3103207,MG,85.5
1052,3103405,MG,53.0
1053,3103504,MG,1279.0
1054,3103702,MG,15.0
1055,3103801,MG,45.0
1056,3104007,MG,43.5
1057,3104106,MG,920.0
1058,3104502,MG,30.0
1059,3104601,MG,972.0
1060,3104700,MG,73.0
1061,3104809,MG,49.5
1062,3104908,MG,3.0
1063,3105004,MG,152.0
1064,3105103,MG,441.5
1065,3105301,MG,7.5
1066,3105400,MG,6.0
1067,3105608,MG,434.0
1068,3106101,MG,20.0
1069,3106309,MG,71.5
1070,3106408,MG,20354.0
1071,3106507,MG,25.0
1072,3106606,MG,6.0
1073,3106655,MG,4.5
1074,3106705,MG,50.5
1075,3107000,MG,29.0
1076,3107109,MG,89.0
1077,3107307,MG,139.5
1078,3107406,MG,930.5
1079,3107604,MG,5.0
1080,3107703,MG,143.5
1081,3107802,MG,41.0
1082,3107901,MG,78.0
1083,3108008,MG,13.5
1084,3108107,MG,5262.5
1085,3108206,MG,22.5
1086,3108305,MG,12.0
1087,3108404,MG,1875.0
1088,3108503,MG,30.0
1089,3108602,MG,12.5
1090,3108909,MG,238.0
1091,3109006,MG,10485.5
1092,3109105,MG,263.5
1093,3109204,MG,4.5
1094,3109253,MG,67.5
1095,3109303,MG,3649.5
1096,3109402,MG,497.5
1097,3109451,MG,38.5
1098,3109709,MG,8.5
1099,3109907,MG,7.5
1100,3110004,MG,224.0
1101,3110103,MG,11.0
1102,3110202,MG,54.0
1103,3110301,MG,19.0
1104,3110400,MG,90.0
1105,3110509,MG,36.0
1106,3110608,MG,182.0
1107,3110707,MG,5182.5
1108,3110905,MG,27300.0
1109,3111002,MG,713.0
1110,3111101,MG,11506.5
1111,3111200,MG,35.0
1112,3111309,MG,45.0
1113,3111408,MG,910.0
1114,3111507,MG,60.0
1115,3111606,MG,241.5
1116,3111705,MG,14.5
1117,3111804,MG,591.0
1118,3111903,MG,144.0
1119,3112000,MG,23.5
1120,3112307,MG,210.5
1121,3112802,MG,1527.5
1122,3113008,MG,59.0
1123,3113107,MG,6.0
1124,3113206,MG,83.0
1125,3113305,MG,32.5
1126,3113404,MG,458.5
1127,3113503,MG,8.0
1128,3113602,MG,10.0
1129,3113701,MG,6.5
1130,3113909,MG,115.0
1131,3114006,MG,280.0
1132,3114105,MG,30.0
1133,3114204,MG,9.5
1134,3114303,MG,500.0
1135,3114402,MG,1308.0
1136,3114501,MG,171.0
1137,3114550,MG,115.0
1138,3115003,MG,20.0
1139,3115102,MG,5.0
1140,3115300,MG,103.0
1141,3115359,MG,29.0
1142,3115409,MG,69.5
1143,3115458,MG,18.5
1144,3116100,MG,13.0
1145,3116506,MG,37.0
1146,3116605,MG,732.0
1147,3116704,MG,37.0
1148,3116902,MG,82500.0
1149,3117009,MG,11.5
1150,3117207,MG,24.0
1151,3117306,MG,1901.0
1152,3117405,MG,17.0
1153,3117702,MG,437.5
1154,3117900,MG,5.0
1155,3118007,MG,46.0
1156,3118304,MG,20.0
1157,3118403,MG,95.0
1158,3118502,MG,9.0
1159,3118700,MG,7.5
1160,3118809,MG,156.5
1161,3118908,MG,136.0
1162,3119104,MG,29.5
1163,3119203,MG,60.0
1164,3119302,MG,100.0
1165,3119401,MG,30.0
1166,3119500,MG,6.0
1167,3119609,MG,3.5
1168,3119708,MG,3900.0
1169,3119807,MG,82.0
1170,3119906,MG,3.0
1171,3120003,MG,11.0
1172,3120102,MG,10.0
1173,3120201,MG,914.0
1174,3120300,MG,40.0
1175,3120409,MG,107.5
1176,3120508,MG,20.0
1177,3120607,MG,75.0
1178,3120706,MG,7.5
1179,3120805,MG,513.5
1180,3120839,MG,10.5
1181,3120870,MG,13.5
1182,3120904,MG,831.0
1183,3121001,MG,115.0
1184,3121100,MG,24.5
1185,3121209,MG,42.0
1186,3121258,MG,18.0
1187,3121407,MG,203.5
1188,3121506,MG,11.0
1189,3121605,MG,53.0
1190,3122306,MG,136.0
1191,3122405,MG,955.5
1192,3122454,MG,40.5
1193,3122470,MG,121.5
1194,3122504,MG,22.5
1195,3123601,MG,34.5
1196,3123700,MG,45.0
1197,3123809,MG,93.0
1198,3123858,MG,23.5
1199,3123908,MG,30.0
1200,3124005,MG,30.0
1201,3124104,MG,18.5
1202,3124203,MG,8.5
1203,3124302,MG,253.5
1204,3124401,MG,293.0
1205,3124500,MG,18.0
1206,3124807,MG,437.5
1207,3125408,MG,42.0
1208,3125507,MG,5.0
1209,3125606,MG,6.0
1210,3125705,MG,40.0
1211,3125804,MG,16.0
1212,3125952,MG,33.0
1213,3126000,MG,12.5
1214,3126109,MG,1629.5
1215,3126208,MG,11242.0
1216,3126307,MG,2550.0
1217,3126505,MG,5.0
1218,3126604,MG,6.0
1219,3126703,MG,35.0
1220,3126752,MG,13.0
1221,3126802,MG,15.0
1222,3127073,MG,9.0
1223,3127107,MG,58217.5
1224,3127354,MG,42.5
1225,3127388,MG,2.5
1226,3127404,MG,5.0
1227,3127503,MG,3.5
1228,3127602,MG,144.0
1229,3127701,MG,46.0
1230,3127800,MG,337.0
1231,3127909,MG,84.0
1232,3128006,MG,5.5
1233,3128105,MG,160.0
1234,3128204,MG,20.5
1235,3128303,MG,157.5
1236,3128402,MG,193.5
1237,3128501,MG,11.5
1238,3128808,MG,310.5
1239,3128907,MG,749.5
1240,3129004,MG,103.0
1241,3129103,MG,7152.5
1242,3129301,MG,25.5
1243,3129509,MG,1229.5
1244,3129707,MG,5224.0
1245,3129806,MG,24.0
1246,3130002,MG,4.5
1247,3130101,MG,214.0
1248,3130507,MG,19.0
1249,3130556,MG,462.0
1250,3130606,MG,81.5
1251,3130655,MG,36.0
1252,3130705,MG,180.0
1253,3130903,MG,518.5
1254,3131000,MG,20.0
1255,3131208,MG,56.5
1256,3131505,MG,32.0
1257,3131703,MG,35.0
1258,3131802,MG,25.0
1259,3131901,MG,5.5
1260,3132008,MG,18.0
1261,3132206,MG,975.5
1262,3132305,MG,33.0
1263,3132404,MG,20.0
1264,3132503,MG,19.5
1265,3132602,MG,271.5
1266,3132701,MG,189.5
1267,3133105,MG,64.0
1268,3133204,MG,22.5
1269,3133303,MG,5.5
1270,3133402,MG,1014.0
1271,3133501,MG,515.0
1272,3133709,MG,20.0
1273,3133808,MG,31.0
1274,3133907,MG,6.0
1275,3134004,MG,10.0
1276,3134103,MG,25.0
1277,3134202,MG,8530.0
1278,3134301,MG,49.5
1279,3134400,MG,3029.0
1280,3134608,MG,1062.0
1281,3134806,MG,58.0
1282,3135050,MG,27113.5
1283,3135076,MG,12.5
1284,3135100,MG,596.5
1285,3135209,MG,30.0
1286,3135308,MG,3.5
1287,3135407,MG,552.5
1288,3135456,MG,5.0
1289,3135704,MG,92.5
1290,3135803,MG,39.5
1291,3135902,MG,30.0
1292,3136108,MG,10.0
1293,3136306,MG,944.0
1294,3136405,MG,7.5
1295,3136520,MG,2.5
1296,3136579,MG,11.5
1297,3136603,MG,47.5
1298,3136652,MG,270.0
1299,3136702,MG,50.0
1300,3137007,MG,45.0
1301,3137403,MG,82.5
1302,3137502,MG,770.0
1303,3137536,MG,187.5
1304,3137601,MG,498.5
1305,3137700,MG,15.0
1306,3137809,MG,253.0
1307,3138005,MG,43.5
1308,3138104,MG,1481.5
1309,3138203,MG,75.0
1310,3138351,MG,7.5
1311,3138401,MG,12.0
1312,3138609,MG,6.0
1313,3138625,MG,55.0
1314,3138682,MG,3.5
1315,3138807,MG,173.0
1316,3139003,MG,160.5
1317,3139102,MG,3617.5
1318,3139201,MG,5.0
1319,3139409,MG,45.0
1320,3139607,MG,30.0
1321,3139706,MG,33.0
1322,3139805,MG,14.5
1323,3139904,MG,23.5
1324,3140001,MG,37.0
1325,3140100,MG,14.0
1326,3140159,MG,18.0
1327,3140308,MG,18.0
1328,3140407,MG,30.0
1329,3140506,MG,30.0
1330,3140704,MG,329.0
1331,3140852,MG,10368.5
1332,3141207,MG,17.5
1333,3141306,MG,4555.0
1334,3141405,MG,31.5
1335,3141603,MG,6.0
1336,3141702,MG,15.5
1337,3141801,MG,114.0
1338,3141900,MG,297.0
1339,3142007,MG,5.0
1340,3142205,MG,31.0
1341,3142304,MG,522.5
1342,3142403,MG,15.0
1343,3142502,MG,168.0
1344,3142601,MG,5115.0
1345,3142809,MG,18096.5
1346,3142908,MG,13.5
1347,3143104,MG,216.0
1348,3143203,MG,1622.5
1349,3143302,MG,376.0
1350,3143401,MG,102.5
1351,3143450,MG,14.5
1352,3143807,MG,18.0
1353,3143906,MG,33.0
1354,3144003,MG,70.5
1355,3144375,MG,18.0
1356,3144508,MG,30.0
1357,3144607,MG,20.0
1358,3144672,MG,34.5
1359,3144805,MG,5.0
1360,3144904,MG,30.0
1361,3145000,MG,23.5
1362,3145059,MG,90.0
1363,3145109,MG,1790.0
1364,3145307,MG,45.5
1365,3145372,MG,46.0
1366,3145604,MG,1080.0
1367,3145703,MG,7.5
1368,3145802,MG,312.5
1369,3145901,MG,18.0
1370,3146008,MG,118.5
1371,3146107,MG,120.0
1372,3146206,MG,26.0
1373,3146305,MG,25.0
1374,3146404,MG,2.5
1375,3146503,MG,20.0
1376,3146602,MG,3.0
1377,3146701,MG,80.0
1378,3146909,MG,6.0
1379,3147006,MG,33.0
1380,3147105,MG,84.0
1381,3147204,MG,523.5
1382,3147303,MG,9.0
1383,3147402,MG,243.0
1384,3147600,MG,15.0
1385,3147709,MG,27.5
1386,3148004,MG,260.5
1387,3148103,MG,1883.5
1388,3148301,MG,21.0
1389,3148400,MG,75.0
1390,3148707,MG,5.0
1391,3148806,MG,3.5
1392,3149101,MG,822.5
1393,3149200,MG,29.0
1394,3149309,MG,9.0
1395,3149408,MG,55.5
1396,3149606,MG,9.0
1397,3149804,MG,1025.0
1398,3149903,MG,1664.0
1399,3150109,MG,714.5
1400,3150158,MG,168.0
1401,3150307,MG,489.5
1402,3150406,MG,4796.0
1403,3150570,MG,10.0
1404,3150604,MG,127.5
1405,3150802,MG,136.5
1406,3150901,MG,36.0
1407,3151008,MG,68.0
1408,3151107,MG,19.5
1409,3151206,MG,7690.5
1410,3151305,MG,2032.0
1411,3151404,MG,84.0
1412,3151503,MG,402.5
1413,3151602,MG,5700.0
1414,3151800,MG,42.0
1415,3151909,MG,13.0
1416,3152006,MG,65.0
1417,3152105,MG,47.0
1418,3152170,MG,12.5
1419,3152204,MG,17.5
1420,3152303,MG,26.0
1421,3152402,MG,99.0
1422,3152501,MG,211.0
1423,3152709,MG,34.5
1424,3152808,MG,99048.0
1425,3152907,MG,40.0
1426,3153400,MG,464.0
1427,3153806,MG,1050.0
1428,3154002,MG,29.0
1429,3154200,MG,4.0
1430,3154309,MG,63.5
1431,3154408,MG,37.5
1432,3154457,MG,8578.0
1433,3154705,MG,54.0
1434,3154903,MG,11.0
1435,3155306,MG,40.0
1436,3155405,MG,35.0
1437,3155504,MG,125.0
1438,3155603,MG,150.0
1439,3155702,MG,18.0
1440,3155801,MG,131.5
1441,3156304,MG,340.0
1442,3156403,MG,115.0
1443,3156452,MG,27.5
1444,3156502,MG,7.5
1445,3156809,MG,36.0
1446,3156908,MG,956.0
1447,3157005,MG,104.5
1448,3157203,MG,7.5
1449,3157252,MG,126.5
1450,3157302,MG,15.0
1451,3157377,MG,24.5
1452,3157658,MG,3.0
1453,3158300,MG,11.5
1454,3158508,MG,117.5
1455,3158607,MG,31.5
1456,3158904,MG,30.0
1457,3159100,MG,6.0
1458,3159209,MG,480.0
1459,3159357,MG,16.5
1460,3159506,MG,503.5
1461,3159605,MG,29.0
1462,3159902,MG,266.5
1463,3160009,MG,30.0
1464,3160405,MG,50.5
1465,3160454,MG,204.0
1466,3160603,MG,260.0
1467,3160702,MG,7.0
1468,3160801,MG,12.5
1469,3160959,MG,125.0
1470,3161007,MG,4.5
1471,3161056,MG,15.0
1472,3161106,MG,20.5
1473,3161205,MG,612.0
1474,3161304,MG,1000.0
1475,3161403,MG,13.5
1476,3161502,MG,192.5
1477,3161700,MG,30.0
1478,3161809,MG,11.5
1479,3161908,MG,10.0
1480,3162005,MG,1856.5
1481,3162104,MG,830.0
1482,3162252,MG,13.5
1483,3162401,MG,3.0
1484,3162500,MG,2349.0
1485,3162559,MG,4.0
1486,3162609,MG,31.0
1487,3162658,MG,3.5
1488,3162708,MG,33.0
1489,3162906,MG,61.0
1490,3162922,MG,12.5
1491,3162948,MG,30.5
1492,3163102,MG,7.0
1493,3163201,MG,95.0
1494,3163300,MG,60.0
1495,3163409,MG,8.0
1496,3163508,MG,4.5
1497,3163706,MG,15.0
1498,3163805,MG,44.0
1499,3163904,MG,589.0
1500,3164001,MG,19.5
1501,3164308,MG,36.0
1502,3164407,MG,6.0
1503,3164431,MG,8.0
1504,3164704,MG,33263.0
1505,3164902,MG,18.5
1506,3165008,MG,36.0
1507,3165305,MG,3360.0
1508,3165404,MG,7.5
1509,3165503,MG,6.0
1510,3165537,MG,7.0
1511,3165552,MG,34.5
1512,3165578,MG,7.5
1513,3165909,MG,4.5
1514,3166808,MG,1016.0
1515,3166907,MG,15.0
1516,3167103,MG,60.0
1517,3167202,MG,17.0
1518,3167400,MG,1403.0
1519,3167608,MG,65.5
1520,3167707,MG,12.0
1521,3167905,MG,44.5
1522,3168002,MG,54.0
1523,3168051,MG,12.0
1524,3168200,MG,10.5
1525,3168309,MG,46.5
1526,3168507,MG,78.0
1527,3168606,MG,610.5
1528,3168804,MG,696.5
1529,3168903,MG,75.0
1530,3169000,MG,10005.5
1531,3169307,MG,4642.5
1532,3169356,MG,66.0
1533,3169406,MG,190.5
1534,3169604,MG,12.0
1535,3169703,MG,80.5
1536,3169802,MG,582.0
1537,3169901,MG,700.5
1538,3170008,MG,7.0
1539,3170057,MG,555.0
1540,3170107,MG,7812.0
1541,3170206,MG,56150.0
1542,3170404,MG,178.5
1543,3170503,MG,12.5
1544,3170529,MG,55.0
1545,3170578,MG,7.0
1546,3170651,MG,5.0
1547,3170701,MG,45.0
1548,3170750,MG,56.0
1549,3170800,MG,9489.5
1550,3170909,MG,45.0
1551,3171030,MG,56.0
1552,3171071,MG,35.0
1553,3171105,MG,120.0
1554,3171154,MG,20.0
1555,3171303,MG,124.5
1556,3171709,MG,947.5
1557,3171907,MG,7.5
1558,3172004,MG,1784.0
1559,3172103,MG,25.0
1560,3172202,MG,5.0
1561,3200102,ES,375.0
1562,3200136,ES,77.0
1563,3200169,ES,251.0
1564,3200201,ES,189.0
1565,3200300,ES,1160.5
1566,3200409,ES,108.0
1567,3200508,ES,60.0
1568,3200607,ES,530.0
1569,3200706,ES,96.0
1570,3200805,ES,7.0
1571,3201001,ES,264.5
1572,3201100,ES,42.0
1573,3201159,ES,45.0
1574,3201209,ES,265.0
1575,3201308,ES,235.5
1576,3201407,ES,156.0
1577,3201506,ES,340.0
1578,3201605,ES,375.5
1579,3201704,ES,1580.5
1580,3201803,ES,20.0
1581,3201902,ES,8293.5
1582,3202009,ES,120.0
1583,3202108,ES,94.0
1584,3202207,ES,357.0
1585,3202306,ES,250.5
1586,3202405,ES,813.5
1587,3202454,ES,69.0
1588,3202553,ES,10.5
1589,3202603,ES,198.5
1590,3202652,ES,56.0
1591,3202702,ES,201.5
1592,3202801,ES,120.0
1593,3202900,ES,1386.5
1594,3203007,ES,66.0
1595,3203056,ES,887.5
1596,3203106,ES,1350.0
1597,3203163,ES,136.0
1598,3203205,ES,3551.5
1599,3203304,ES,155.0
1600,3203320,ES,132.0
1601,3203346,ES,1223.5
1602,3203403,ES,167.0
1603,3203502,ES,63.5
1604,3203601,ES,30.0
1605,3203700,ES,340.0
1606,3203809,ES,122.5
1607,3203908,ES,285.0
1608,3204005,ES,10.0
1609,3204054,ES,1350.0
1610,3204104,ES,3090.0
1611,3204252,ES,24.0
1612,3204302,ES,392.5
1613,3204401,ES,202.5
1614,3204500,ES,2106.5
1615,3204559,ES,604.0
1616,3204609,ES,694.0
1617,3204658,ES,510.0
1618,3204708,ES,30.0
1619,3204807,ES,211.5
1620,3204906,ES,3080.0
1621,3204955,ES,9.0
1622,3205002,ES,146.0
1623,3205010,ES,1642.0
1624,3205036,ES,232.5
1625,3205069,ES,727.0
1626,3205101,ES,679.0
1627,3205150,ES,70.5
1628,3205176,ES,226.5
1629,3205200,ES,165.0
1630,3300159,RJ,20.0
1631,3300209,RJ,16374.5
1632,3300225,RJ,19.0
1633,3300233,RJ,12.0
1634,3300407,RJ,10.0
1635,3300506,RJ,533.5
1636,3300605,RJ,220.5
1637,3300704,RJ,124.0
1638,3300803,RJ,934.0
1639,3300902,RJ,18.0
1640,3300936,RJ,121.0
1641,3301009,RJ,222.5
1642,3301108,RJ,86.5
1643,3301306,RJ,322.5
1644,3301405,RJ,40.0
1645,3301504,RJ,15.0
1646,3301603,RJ,532.5
1647,3301702,RJ,158.5
1648,3301850,RJ,117.5
1649,3301876,RJ,25.5
1650,3301900,RJ,491.0
1651,3302106,RJ,51.0
1652,3302270,RJ,62.0
1653,3302403,RJ,12.0
1654,3302452,RJ,30.0
1655,3302601,RJ,55.0
1656,3302700,RJ,41.0
1657,3302908,RJ,130.0
1658,3303104,RJ,223.5
1659,3303302,RJ,16.0
1660,3303609,RJ,25.5
1661,3303708,RJ,198.5
1662,3303856,RJ,630.0
1663,3303906,RJ,165.0
1664,3304003,RJ,30.0
1665,3304102,RJ,952.5
1666,3304151,RJ,12.0
1667,3304300,RJ,15311.0
1668,3304409,RJ,9.0
1669,3304508,RJ,17.5
1670,3304524,RJ,11.5
1671,3304557,RJ,158.5
1672,3304607,RJ,34.0
1673,3304755,RJ,750.0
1674,3304904,RJ,361.5
1675,3305133,RJ,90.0
1676,3305158,RJ,5210.0
1677,3305208,RJ,102.5
1678,3305406,RJ,1725.5
1679,3305505,RJ,192.0
1680,3305554,RJ,49.0
1681,3305604,RJ,1405.5
1682,3305703,RJ,1590.0
1683,3305752,RJ,10054.5
1684,3305802,RJ,4500.0
1685,3305901,RJ,90.0
1686,3306008,RJ,44.5
1687,3306156,RJ,176.5
1688,3306206,RJ,64.0
1689,3500105,SP,195.0
1690,3500204,SP,25099.0
1691,3500303,SP,139461.5
1692,3500501,SP,167.0
1693,3500550,SP,77812.5
1694,3500709,SP,13230.0
1695,3500758,SP,7267.5
1696,3500808,SP,13.0
1697,3500907,SP,41151.0
1698,3501004,SP,12810.0
1699,3501103,SP,8.0
1700,3501152,SP,90.5
1701,3501202,SP,1269.5
1702,3501301,SP,320.0
1703,3501400,SP,26.0
1704,3501509,SP,5976.0
1705,3501707,SP,2421.0
1706,3501806,SP,5184.0
1707,3501905,SP,12144.5
1708,3502002,SP,17593.0
1709,3502101,SP,121.5
1710,3502200,SP,88521.0
1711,3502309,SP,32560.5
1712,3502606,SP,3315.0
1713,3502705,SP,270.0
1714,3502754,SP,171.5
1715,3502903,SP,1928.0
1716,3503109,SP,31577.0
1717,3503158,SP,70.0
1718,3503208,SP,12655.0
1719,3503307,SP,17510.0
1720,3503406,SP,18463.0
1721,3503703,SP,1675.0
1722,3503802,SP,31962.0
1723,3503950,SP,16137.5
1724,3504107,SP,1062.5
1725,3504206,SP,1374.0
1726,3504305,SP,32227.5
1727,3504503,SP,157832.5
1728,3504602,SP,1764.0
1729,3504701,SP,7350.5
1730,3504800,SP,2913.5
1731,3504909,SP,37.5
1732,3505005,SP,285.0
1733,3505203,SP,25084.0
1734,3505351,SP,22.0
1735,3505401,SP,20.5
1736,3505500,SP,81560.0
1737,3505807,SP,235.0
1738,3505906,SP,765.0
1739,3506003,SP,36750.5
1740,3506102,SP,121609.0
1741,3506706,SP,81610.0
1742,3506805,SP,5688.0
1743,3506904,SP,13872.0
1744,3507159,SP,47.5
1745,3507407,SP,18619.0
1746,3507456,SP,29315.0
1747,3507506,SP,163224.0
1748,3507605,SP,5105.5
1749,3507803,SP,485.5
1750,3507902,SP,98647.5
1751,3508009,SP,144616.0
1752,3508306,SP,9646.5
1753,3508405,SP,1056.5
1754,3508603,SP,125.0
1755,3508702,SP,27.0
1756,3508801,SP,30337.5
1757,3509106,SP,69.0
1758,3509254,SP,316.0
1759,3509304,SP,27196.0
1760,3509403,SP,2300.0
1761,3509452,SP,2323.0
1762,3509502,SP,255.0
1763,3509809,SP,6666.5
1764,3509908,SP,15.0
1765,3510104,SP,18627.0
1766,3510203,SP,68880.0
1767,3510302,SP,30297.5
1768,3510708,SP,10357.0
1769,3510807,SP,399204.5
1770,3510906,SP,1000.0
1771,3511102,SP,14463.0
1772,3511201,SP,165.0
1773,3511300,SP,3065.0
1774,3511409,SP,44000.0
1775,3511607,SP,4013.0
1776,3512001,SP,11567.5
1777,3512100,SP,152570.5
1778,3512209,SP,52725.5
1779,3512308,SP,6500.0
1780,3512407,SP,160.0
1781,3512605,SP,3683.0
1782,3512704,SP,1720.0
1783,3512803,SP,1945.0
1784,3512902,SP,36845.0
1785,3513108,SP,897.0
1786,3513207,SP,7182.5
1787,3513405,SP,252.0
1788,3513702,SP,47888.5
1789,3513850,SP,179.5
1790,3514007,SP,27.0
1791,3514106,SP,2711.0
1792,3514205,SP,6967.5
1793,3514304,SP,300.0
1794,3514403,SP,87.5
1795,3514502,SP,22892.0
1796,3514700,SP,3222.0
1797,3514809,SP,86.0
1798,3514908,SP,181.0
1799,3514924,SP,1505.0
1800,3514957,SP,4840.5
1801,3515152,SP,12833.0
1802,3515186,SP,7904.0
1803,3515194,SP,36500.0
1804,3515202,SP,19713.0
1805,3515509,SP,12336.5
1806,3515608,SP,33497.5
1807,3515657,SP,6092.0
1808,3515806,SP,33.0
1809,3515905,SP,991.5
1810,3516002,SP,32.5
1811,3516200,SP,15750.0
1812,3516507,SP,45.0
1813,3516606,SP,19768.0
1814,3516705,SP,2666.0
1815,3516853,SP,24000.0
1816,3516903,SP,54.0
1817,3517000,SP,35285.5
1818,3517208,SP,19593.0
1819,3517307,SP,18735.0
1820,3517505,SP,14642.0
1821,3517604,SP,262.5
1822,3517802,SP,7223.0
1823,3517901,SP,18765.5
1824,3518008,SP,1224.0
1825,3518107,SP,35861.5
1826,3518305,SP,210.0
1827,3518503,SP,3964.5
1828,3518602,SP,37.5
1829,3518909,SP,2617.5
1830,3519055,SP,5104.5
1831,3519105,SP,16233.5
1832,3519204,SP,703.0
1833,3519253,SP,186820.0
1834,3519303,SP,14850.0
1835,3519402,SP,9612.5
1836,3519600,SP,70875.0
1837,3519709,SP,268.0
1838,3519808,SP,12171.5
1839,3520103,SP,8811.5
1840,3520301,SP,8063.0
1841,3520509,SP,50.0
1842,3520608,SP,91.5
1843,3520707,SP,1224.0
1844,3520806,SP,15.0
1845,3521002,SP,10028.0
1846,3521101,SP,15.0
1847,3521150,SP,6189.0
1848,3521200,SP,54.0
1849,3521408,SP,458.0
1850,3521507,SP,49526.5
1851,3521606,SP,238.0
1852,3521705,SP,18309.0
1853,3521804,SP,38606.5
1854,3521903,SP,99320.0
1855,3522000,SP,1809.0
1856,3522109,SP,30.0
1857,3522158,SP,25.0
1858,3522307,SP,145071.0
1859,3522406,SP,14172.0
1860,3522604,SP,8035.5
1861,3522653,SP,129.5
1862,3522703,SP,93766.0
1863,3522802,SP,2400.0
1864,3523206,SP,1558.5
1865,3523404,SP,1086.5
1866,3523503,SP,72084.5
1867,3523602,SP,7355.0
1868,3523800,SP,157.5
1869,3523909,SP,31.0
1870,3524006,SP,335.0
1871,3524204,SP,264.5
1872,3524303,SP,355.0
1873,3524402,SP,67.5
1874,3524501,SP,663.5
1875,3524600,SP,48.0
1876,3524709,SP,10831.5
1877,3524808,SP,23048.0
1878,3525102,SP,241.5
1879,3525201,SP,258.0
1880,3525300,SP,66.0
1881,3525409,SP,2416.0
1882,3525508,SP,112.5
1883,3525706,SP,10659.0
1884,3525805,SP,7650.0
1885,3525904,SP,4781.0
1886,3526001,SP,135.0
1887,3526100,SP,12.0
1888,3526308,SP,75.0
1889,3526407,SP,14.5
1890,3526506,SP,97.5
1891,3526704,SP,27581.0
1892,3526803,SP,21360.0
1893,3526902,SP,19988.0
1894,3527009,SP,140.0
1895,3527108,SP,613.5
1896,3527306,SP,59.0
1897,3527405,SP,97.5
1898,3527504,SP,75419.0
1899,3527603,SP,23850.0
1900,3527801,SP,6941.0
1901,3528007,SP,13.0
1902,3528106,SP,128.0
1903,3528205,SP,3357.0
1904,3528304,SP,567.0
1905,3528403,SP,273.0
1906,3528601,SP,7575.0
1907,3528700,SP,52.0
1908,3528858,SP,15257.5
1909,3528908,SP,450.0
1910,3529005,SP,19352.0
1911,3529104,SP,5027.5
1912,3529302,SP,53566.5
1913,3529500,SP,1443.5
1914,3529609,SP,6120.0
1915,3529658,SP,5703.0
1916,3529807,SP,885.0
1917,3530003,SP,269.5
1918,3530102,SP,1562.0
1919,3530201,SP,12.5
1920,3530300,SP,13094.5
1921,3530409,SP,4491.5
1922,3530508,SP,90632.0
1923,3530607,SP,911.0
1924,3530706,SP,176032.0
1925,3530805,SP,116070.0
1926,3531001,SP,400.0
1927,3531209,SP,568.0
1928,3531308,SP,34193.0
1929,3531407,SP,2253.5
1930,3531506,SP,61961.0
1931,3531605,SP,13.5
1932,3532009,SP,478.0
1933,3532058,SP,8772.5
1934,3532108,SP,540.0
1935,3532207,SP,10.5
1936,3532306,SP,61.0
1937,3532405,SP,129.5
1938,3532504,SP,2719.0
1939,3532603,SP,1448.5
1940,3532702,SP,10500.0
1941,3532801,SP,3741.0
1942,3532827,SP,1690.0
1943,3532843,SP,1175.0
1944,3532868,SP,18.0
1945,3532900,SP,6300.0
1946,3533007,SP,70255.0
1947,3533254,SP,2050.0
1948,3533502,SP,33560.0
1949,3533700,SP,10592.0
1950,3533908,SP,36846.0
1951,3534005,SP,32172.5
1952,3534203,SP,6809.5
1953,3534609,SP,80.0
1954,3534757,SP,8168.0
1955,3534807,SP,70.0
1956,3534906,SP,136.5
1957,3535002,SP,20680.5
1958,3535101,SP,179.5
1959,3535200,SP,17551.0
1960,3535309,SP,40.0
1961,3535705,SP,9750.0
1962,3535804,SP,64225.0
1963,3535903,SP,8854.0
1964,3536000,SP,812.5
1965,3536109,SP,38444.5
1966,3536208,SP,11630.0
1967,3536257,SP,10697.5
1968,3536307,SP,30600.0
1969,3536406,SP,112.5
1970,3536570,SP,16207.0
1971,3536604,SP,18142.0
1972,3536703,SP,15287.5
1973,3536802,SP,272.0
1974,3536901,SP,5348.0
1975,3537008,SP,41027.0
1976,3537107,SP,279.0
1977,3537206,SP,15.0
1978,3537305,SP,16.0
1979,3537404,SP,11.0
1980,3537602,SP,0.5
1981,3537800,SP,145.0
1982,3537909,SP,7061.5
1983,3538006,SP,164.5
1984,3538105,SP,10870.0
1985,3538204,SP,161.0
1986,3538303,SP,22.0
1987,3538600,SP,200.0
1988,3538709,SP,30845.0
1989,3538808,SP,1275.0
1990,3538907,SP,83962.5
1991,3539004,SP,25878.5
1992,3539301,SP,39638.0
1993,3539400,SP,28580.5
1994,3539509,SP,282.0
1995,3539707,SP,34.0
1996,3539905,SP,1386.0
1997,3540002,SP,26.5
1998,3540101,SP,1503.5
1999,3540259,SP,9358.5
2000,3540309,SP,608.0
2001,3540408,SP,6850.0
2002,3540507,SP,7602.5
2003,3540606,SP,6046.0
2004,3540705,SP,5985.0
2005,3540804,SP,14351.0
2006,3540853,SP,240.0
2007,3540903,SP,275.0
2008,3541059,SP,7650.0
2009,3541109,SP,10750.5
2010,3541307,SP,338.5
2011,3541406,SP,246.5
2012,3541505,SP,106.5
2013,3541604,SP,24.0
2014,3541653,SP,433.0
2015,3541703,SP,225.0
2016,3541901,SP,69.0
2017,3542305,SP,56.0
2018,3542503,SP,49475.5
2019,3542602,SP,426.0
2020,3542800,SP,252.5
2021,3542909,SP,39217.0
2022,3543006,SP,311.0
2023,3543253,SP,333.0
2024,3543402,SP,70.5
2025,3543709,SP,17469.5
2026,3543907,SP,15670.5
2027,3544202,SP,3141.5
2028,3544509,SP,566.0
2029,3544608,SP,3242.0
2030,3544707,SP,135.0
2031,3544806,SP,5479.0
2032,3545100,SP,95.0
2033,3545308,SP,1777.0
2034,3545605,SP,19767.5
2035,3545704,SP,1507.5
2036,3546009,SP,9.0
2037,3546108,SP,3417.0
2038,3546207,SP,159.0
2039,3546256,SP,10.5
2040,3546306,SP,10853.0
2041,3546405,SP,213797.5
2042,3546504,SP,67.5
2043,3546603,SP,9937.0
2044,3546801,SP,120.0
2045,3546900,SP,2461.0
2046,3547007,SP,6000.0
2047,3547205,SP,4777.0
2048,3547403,SP,4280.0
2049,3547502,SP,14442.0
2050,3547601,SP,11729.0
2051,3547650,SP,16146.0
2052,3547908,SP,37103.5
2053,3548005,SP,24812.0
2054,3548054,SP,29402.0
2055,3548401,SP,10.0
2056,3548906,SP,20920.0
2057,3549003,SP,1597.5
2058,3549102,SP,11818.5
2059,3549201,SP,2899.0
2060,3549250,SP,1115.5
2061,3549706,SP,12540.0
2062,3549805,SP,3132.5
2063,3550001,SP,72.0
2064,3550100,SP,20400.0
2065,3550209,SP,14063.5
2066,3550407,SP,30175.0
2067,3550506,SP,39230.0
2068,3550605,SP,343.0
2069,3550902,SP,6933.5
2070,3551108,SP,5476.0
2071,3551306,SP,510.5
2072,3551405,SP,31.5
2073,3551603,SP,3000.0
2074,3551801,SP,80.0
2075,3551900,SP,14027.5
2076,3552007,SP,225.0
2077,3552106,SP,5075.0
2078,3552205,SP,10658.5
2079,3552304,SP,41008.0
2080,3552551,SP,3105.0
2081,3552601,SP,27620.0
2082,3552700,SP,16109.5
2083,3553104,SP,4301.5
2084,3553203,SP,4035.5
2085,3553302,SP,57057.5
2086,3553401,SP,10740.0
2087,3553658,SP,41252.0
2088,3553708,SP,58696.0
2089,3553807,SP,6464.0
2090,3553856,SP,8917.5
2091,3554003,SP,13832.5
2092,3554409,SP,1622.5
2093,3554706,SP,4988.5
2094,3554755,SP,590.0
2095,3554805,SP,100.0
2096,3554904,SP,6063.5
2097,3555000,SP,125.0
2098,3555109,SP,79.5
2099,3555307,SP,9644.5
2100,3555356,SP,17549.5
2101,3555406,SP,10.0
2102,3555505,SP,71994.0
2103,3555604,SP,4031.0
2104,3555802,SP,20963.5
2105,3555901,SP,1610.5
2106,3556008,SP,47090.0
2107,3556107,SP,618.5
2108,3556206,SP,176.5
2109,3556354,SP,11.0
2110,3556404,SP,7181.0
2111,3556602,SP,98.0
2112,3556701,SP,50.0
2113,3556800,SP,5881.5
2114,3556909,SP,19850.0
2115,3556958,SP,4995.0
2116,3557105,SP,8276.0
2117,3557154,SP,1349.0
2118,3557303,SP,26623.5
2119,4100103,PR,50.0
2120,4100202,PR,224.0
2121,4100509,PR,6185.0
2122,4100608,PR,43697.0
2123,4100806,PR,34.0
2124,4101002,PR,291.0
2125,4101051,PR,197.0
2126,4101101,PR,818.0
2127,4101150,PR,5300.5
2128,4101200,PR,344.0
2129,4101309,PR,51.5
2130,4101408,PR,1425.0
2131,4101507,PR,597.0
2132,4101606,PR,48.0
2133,4101655,PR,15.0
2134,4101705,PR,50.0
2135,4101853,PR,110.0
2136,4101903,PR,2393.5
2137,4102109,PR,370.5
2138,4102208,PR,9534.0
2139,4102307,PR,33.0
2140,4102406,PR,622.5
2141,4102505,PR,260.0
2142,4102604,PR,400.0
2143,4102703,PR,40.0
2144,4102752,PR,196.5
2145,4102802,PR,263.0
2146,4102901,PR,62.5
2147,4103024,PR,190.5
2148,4103040,PR,204.0
2149,4103057,PR,215.0
2150,4103156,PR,372.0
2151,4103206,PR,50.0
2152,4103222,PR,44.5
2153,4103305,PR,37.5
2154,4103354,PR,105.0
2155,4103453,PR,68.0
2156,4103602,PR,103.0
2157,4103701,PR,4703.5
2158,4103800,PR,95.5
2159,4103958,PR,108.0
2160,4104055,PR,100.0
2161,4104204,PR,395.0
2162,4104303,PR,58.5
2163,4104402,PR,404.0
2164,4104428,PR,203.0
2165,4104451,PR,120.0
2166,4104501,PR,400.0
2167,4104600,PR,85.0
2168,4104709,PR,205.0
2169,4104808,PR,372.5
2170,4104907,PR,340.0
2171,4105003,PR,221.0
2172,4105102,PR,695.0
2173,4105201,PR,51545.0
2174,4105300,PR,64.0
2175,4105409,PR,262.0
2176,4105508,PR,560.0
2177,4105607,PR,3748.5
2178,4105706,PR,53.5
2179,4106001,PR,1650.0
2180,4106100,PR,109.0
2181,4106209,PR,13.5
2182,4106308,PR,46.0
2183,4106407,PR,923.5
2184,4106456,PR,39.0
2185,4106506,PR,123.0
2186,4106555,PR,216.0
2187,4106571,PR,322.5
2188,4106605,PR,32587.5
2189,4106704,PR,5290.0
2190,4106803,PR,128.5
2191,4107009,PR,6.0
2192,4107124,PR,20.0
2193,4107157,PR,65.5
2194,4107207,PR,370.0
2195,4107256,PR,50.0
2196,4107405,PR,278.0
2197,4107504,PR,19.5
2198,4107546,PR,25.0
2199,4107553,PR,5.0
2200,4107603,PR,28.5
2201,4107702,PR,47.5
2202,4107736,PR,4.0
2203,4107751,PR,89.0
2204,4107801,PR,6765.0
2205,4107850,PR,197.0
2206,4108007,PR,17.5
2207,4108106,PR,392.5
2208,4108205,PR,10.0
2209,4108304,PR,156.0
2210,4108403,PR,765.0
2211,4108452,PR,61.5
2212,4108502,PR,23.0
2213,4108551,PR,22.5
2214,4108650,PR,114.0
2215,4108700,PR,15.0
2216,4108809,PR,10.0
2217,4108908,PR,21235.0
2218,4108957,PR,13.0
2219,4109005,PR,75.0
2220,4109104,PR,892.0
2221,4109203,PR,483.0
2222,4109302,PR,147.5
2223,4109401,PR,240.5
2224,4109500,PR,32.5
2225,4109609,PR,55.0
2226,4109658,PR,59.0
2227,4109708,PR,502.5
2228,4109757,PR,75.0
2229,4109807,PR,404.0
2230,4110052,PR,39.5
2231,4110078,PR,54.5
2232,4110102,PR,65.0
2233,4110201,PR,15.0
2234,4110300,PR,136.0
2235,4110409,PR,117.0
2236,4110607,PR,55.0
2237,4110706,PR,29.5
2238,4110805,PR,214.0
2239,4110953,PR,37.0
2240,4111001,PR,97.5
2241,4111100,PR,40.0
2242,4111209,PR,69.0
2243,4111258,PR,2927.5
2244,4111308,PR,1.0
2245,4111407,PR,93.0
2246,4111506,PR,481.5
2247,4111555,PR,111.5
2248,4111704,PR,195.0
2249,4111803,PR,175.0
2250,4111902,PR,924.5
2251,4112009,PR,11.0
2252,4112108,PR,65.0
2253,4112306,PR,197.5
2254,4112405,PR,455.0
2255,4112504,PR,475.0
2256,4112702,PR,1050.0
2257,4112751,PR,24.0
2258,4112801,PR,68.0
2259,4112900,PR,70.0
2260,4113007,PR,10.0
2261,4113254,PR,102.0
2262,4113304,PR,82.5
2263,4113403,PR,9.5
2264,4113429,PR,44.0
2265,4113452,PR,168.0
2266,4113502,PR,1797.5
2267,4113700,PR,4925.0
2268,4113734,PR,100.0
2269,4113759,PR,466.0
2270,4113809,PR,7.5
2271,4113908,PR,150.0
2272,4114104,PR,163.5
2273,4114203,PR,130.0
2274,4114351,PR,192.5
2275,4114401,PR,26.5
2276,4114500,PR,84.5
2277,4114609,PR,41.0
2278,4114708,PR,377.5
2279,4114807,PR,72.0
2280,4114906,PR,901.0
2281,4115002,PR,5.0
2282,4115101,PR,7.5
2283,4115200,PR,70.5
2284,4115309,PR,56.5
2285,4115408,PR,286.0
2286,4115457,PR,22.5
2287,4115507,PR,18.0
2288,4115606,PR,106.0
2289,4115739,PR,76.0
2290,4115754,PR,806.0
2291,4115804,PR,93.0
2292,4115853,PR,15.0
2293,4115903,PR,3363.5
2294,4116000,PR,7.5
2295,4116059,PR,85.0
2296,4116109,PR,98.0
2297,4116208,PR,1180.0
2298,4116307,PR,16.0
2299,4116505,PR,2083.0
2300,4116604,PR,1471.5
2301,4116703,PR,124.5
2302,4116901,PR,19336.5
2303,4116950,PR,273.0
2304,4117008,PR,277.0
2305,4117057,PR,40.0
2306,4117206,PR,15.0
2307,4117214,PR,420.0
2308,4117255,PR,423.5
2309,4117271,PR,386.5
2310,4117297,PR,29.0
2311,4117305,PR,107.5
2312,4117404,PR,616.0
2313,4117503,PR,10.0
2314,4117602,PR,5.5
2315,4117800,PR,314.0
2316,4117909,PR,7.5
2317,4118006,PR,1133.5
2318,4118105,PR,11.0
2319,4118204,PR,75.0
2320,4118402,PR,59299.5
2321,4118501,PR,174.5
2322,4118600,PR,40.0
2323,4118709,PR,31.0
2324,4118808,PR,39.5
2325,4118857,PR,296.0
2326,4118907,PR,35.0
2327,4119004,PR,135.0
2328,4119202,PR,275.0
2329,4119251,PR,102.0
2330,4119301,PR,116.5
2331,4119400,PR,44.5
2332,4119608,PR,328.5
2333,4119657,PR,100.0
2334,4119806,PR,398.0
2335,4119905,PR,82.0
2336,4120002,PR,7.0
2337,4120150,PR,17.0
2338,4120309,PR,41.0
2339,4120333,PR,76.5
2340,4120358,PR,176.5
2341,4120408,PR,5583.5
2342,4120606,PR,2047.5
2343,4120655,PR,3.5
2344,4120705,PR,61.0
2345,4120903,PR,90.0
2346,4121000,PR,10.0
2347,4121109,PR,22.0
2348,4121208,PR,50.0
2349,4121257,PR,92.5
2350,4121307,PR,2144.5
2351,4121406,PR,310.5
2352,4121505,PR,13.0
2353,4121604,PR,313.5
2354,4121703,PR,79.5
2355,4121752,PR,57.5
2356,4121802,PR,64.0
2357,4121901,PR,289.0
2358,4122107,PR,10.5
2359,4122156,PR,72.0
2360,4122206,PR,4687.5
2361,4122404,PR,2815.0
2362,4122503,PR,158.5
2363,4122602,PR,5030.5
2364,4122651,PR,25.0
2365,4122701,PR,1143.5
2366,4122800,PR,325.0
2367,4122909,PR,80.0
2368,4123006,PR,257.0
2369,4123105,PR,206.0
2370,4123204,PR,273.5
2371,4123303,PR,10.0
2372,4123402,PR,1133.0
2373,4123501,PR,12.0
2374,4123709,PR,500.0
2375,4123808,PR,263.5
2376,4123824,PR,78.0
2377,4123857,PR,205.5
2378,4123907,PR,5707.0
2379,4123956,PR,93.0
2380,4124004,PR,502.5
2381,4124020,PR,130.0
2382,4124103,PR,93.5
2383,4124301,PR,54.0
2384,4124400,PR,370.0
2385,4124608,PR,4640.0
2386,4124707,PR,1640.0
2387,4124806,PR,30.0
2388,4124905,PR,9270.0
2389,4125209,PR,220.0
2390,4125308,PR,1563.5
2391,4125357,PR,2023.5
2392,4125407,PR,1456.5
2393,4125456,PR,20.0
2394,4125555,PR,20.0
2395,4125605,PR,175.0
2396,4125704,PR,47.5
2397,4125753,PR,10.0
2398,4125803,PR,5.0
2399,4126009,PR,3841.5
2400,4126108,PR,395.0
2401,4126207,PR,22.0
2402,4126256,PR,85.0
2403,4126272,PR,40.0
2404,4126306,PR,396.5
2405,4126355,PR,52.5
2406,4126405,PR,348.0
2407,4126504,PR,225.0
2408,4126603,PR,60.0
2409,4126652,PR,70.0
2410,4126678,PR,82.5
2411,4126702,PR,960.0
2412,4126801,PR,1350.0
2413,4126900,PR,298.5
2414,4127007,PR,45.0
2415,4127106,PR,30.0
2416,4127304,PR,600.5
2417,4127403,PR,82.0
2418,4127502,PR,38.0
2419,4127809,PR,170.0
2420,4127858,PR,245.0
2421,4127957,PR,5.0
2422,4127965,PR,180.0
2423,4128104,PR,202.5
2424,4128203,PR,96.0
2425,4128302,PR,1334.0
2426,4128401,PR,8867.5
2427,4128500,PR,457.0
2428,4128559,PR,222.5
2429,4128609,PR,283.5
2430,4128633,PR,12302.5
2431,4128658,PR,15.0
2432,4128708,PR,70.5
2433,4200051,SC,172.0
2434,4200200,SC,239.0
2435,4200309,SC,75.0
2436,4200408,SC,35.0
2437,4200507,SC,205.0
2438,4200606,SC,368.0
2439,4200705,SC,16.5
2440,4200754,SC,460.0
2441,4200804,SC,39.0
2442,4200903,SC,53.5
2443,4201000,SC,60.0
2444,4201109,SC,50.0
2445,4201208,SC,308.0
2446,4201257,SC,109.0
2447,4201273,SC,187.5
2448,4201307,SC,264.0
2449,4201406,SC,2872.5
2450,4201505,SC,111.0
2451,4201703,SC,34.5
2452,4201802,SC,61.0
2453,4201901,SC,261.0
2454,4202073,SC,915.0
2455,4202081,SC,100.0
2456,4202099,SC,12.0
2457,4202156,SC,6.0
2458,4202206,SC,12.0
2459,4202305,SC,139.5
2460,4202701,SC,50.0
2461,4202800,SC,92.5
2462,4202859,SC,70.5
2463,4203600,SC,120.0
2464,4203709,SC,6.0
2465,4203907,SC,80.0
2466,4204152,SC,176.0
2467,4204178,SC,100.0
2468,4204194,SC,52.5
2469,4204202,SC,1296.0
2470,4204251,SC,72.0
2471,4204301,SC,1750.0
2472,4204400,SC,75.0
2473,4204608,SC,20.0
2474,4204756,SC,20.5
2475,4204905,SC,90.0
2476,4205001,SC,16.0
2477,4205100,SC,132.5
2478,4205159,SC,40.5
2479,4205191,SC,150.0
2480,4205209,SC,14.0
2481,4205357,SC,54.0
2482,4205456,SC,63.0
2483,4206108,SC,60.0
2484,4206207,SC,7.5
2485,4206306,SC,75.0
2486,4206405,SC,80.0
2487,4206504,SC,151.5
2488,4206603,SC,6.0
2489,4206702,SC,32.5
2490,4206801,SC,54.0
2491,4206900,SC,127.5
2492,4207007,SC,220.0
2493,4207403,SC,107.5
2494,4207502,SC,60.0
2495,4207601,SC,489.5
2496,4207650,SC,30.0
2497,4207700,SC,30.0
2498,4207759,SC,80.0
2499,4208005,SC,182.0
2500,4208104,SC,500.0
2501,4208401,SC,72.0
2502,4208500,SC,230.0
2503,4208609,SC,13.5
2504,4208708,SC,1080.0
2505,4209003,SC,13.0
2506,4209151,SC,142.5
2507,4209201,SC,42.0
2508,4209508,SC,180.0
2509,4209607,SC,32.0
2510,4209805,SC,210.5
2511,4209904,SC,255.0
2512,4210035,SC,46.0
2513,4210100,SC,65.0
2514,4210605,SC,7.5
2515,4211009,SC,200.0
2516,4211207,SC,37.5
2517,4211504,SC,13.5
2518,4211702,SC,157.5
2519,4211801,SC,21.0
2520,4211876,SC,84.0
2521,4212106,SC,206.5
2522,4212239,SC,24.0
2523,4212254,SC,198.0
2524,4212304,SC,142.0
2525,4212403,SC,740.0
2526,4212601,SC,369.5
2527,4212700,SC,152.0
2528,4212908,SC,55.0
2529,4213104,SC,560.0
2530,4213153,SC,21.0
2531,4213401,SC,76.5
2532,4213708,SC,48.5
2533,4213807,SC,550.0
2534,4213906,SC,82.0
2535,4214003,SC,280.0
2536,4214102,SC,198.0
2537,4214300,SC,18.0
2538,4214607,SC,150.0
2539,4214706,SC,8.5
2540,4214805,SC,180.0
2541,4214904,SC,189.0
2542,4215109,SC,9.5
2543,4215208,SC,72.0
2544,4215455,SC,37.5
2545,4215554,SC,12.0
2546,4215604,SC,40.0
2547,4215653,SC,2600.0
2548,4215679,SC,26.0
2549,4215703,SC,215.0
2550,4215901,SC,73.0
2551,4216008,SC,300.0
2552,4216255,SC,12.0
2553,4216404,SC,6500.0
2554,4216701,SC,30.0
2555,4217006,SC,23.0
2556,4217105,SC,40.0
2557,4217204,SC,25.0
2558,4217253,SC,38.5
2559,4217402,SC,249.0
2560,4217501,SC,360.0
2561,4217550,SC,10.0
2562,4217709,SC,6955.0
2563,4217758,SC,47.5
2564,4217808,SC,85.0
2565,4217907,SC,165.0
2566,4218004,SC,304.5
2567,4218202,SC,37.5
2568,4218400,SC,150.0
2569,4218509,SC,13.0
2570,4218608,SC,130.0
2571,4218707,SC,179.5
2572,4218806,SC,195.0
2573,4219002,SC,481.0
2574,4219200,SC,157.5
2575,4219309,SC,30.0
2576,4219358,SC,262.5
2577,4219408,SC,270.0
2578,4219606,SC,275.0
2579,4220000,SC,295.0
2580,4300034,RS,57.5
2581,4300059,RS,52.0
2582,4300109,RS,572.0
2583,4300208,RS,145.0
2584,4300307,RS,988.0
2585,4300406,RS,315.0
2586,4300455,RS,124.5
2587,4300471,RS,72.5
2588,4300505,RS,9398.5
2589,4300554,RS,301.0
2590,4300570,RS,518.0
2591,4300638,RS,114.0
2592,4300646,RS,1189.0
2593,4300661,RS,72.5
2594,4300703,RS,2360.0
2595,4300802,RS,2860.0
2596,4300851,RS,12.5
2597,4300877,RS,29.5
2598,4300901,RS,7857.5
2599,4301008,RS,297.0
2600,4301057,RS,34.0
2601,4301073,RS,50.0
2602,4301107,RS,50.5
2603,4301206,RS,416.0
2604,4301404,RS,2977.5
2605,4301503,RS,357.0
2606,4301552,RS,70.0
2607,4301602,RS,30.5
2608,4301651,RS,230.0
2609,4301701,RS,1285.0
2610,4301750,RS,49.5
2611,4301800,RS,10.0
2612,4301859,RS,20.5
2613,4301909,RS,92.5
2614,4301925,RS,1005.0
2615,4301958,RS,135.0
2616,4302006,RS,160.0
2617,4302055,RS,180.0
2618,4302105,RS,1837.5
2619,4302154,RS,45.0
2620,4302204,RS,230.0
2621,4302220,RS,162.0
2622,4302238,RS,88.0
2623,4302253,RS,95.0
2624,4302352,RS,2838.5
2625,4302378,RS,114.5
2626,4302402,RS,28.5
2627,4302451,RS,280.5
2628,4302501,RS,184.0
2629,4302584,RS,430.0
2630,4302600,RS,36.0
2631,4302659,RS,4359.5
2632,4302709,RS,561.0
2633,4302808,RS,934.5
2634,4302907,RS,1400.0
2635,4303004,RS,769.0
2636,4303202,RS,45.0
2637,4303301,RS,133.5
2638,4303400,RS,246.5
2639,4303509,RS,479.0
2640,4303673,RS,116.0
2641,4303707,RS,241.0
2642,4303806,RS,24.5
2643,4303905,RS,120.0
2644,4304002,RS,54.5
2645,4304101,RS,446.0
2646,4304200,RS,657.0
2647,4304309,RS,199.5
2648,4304358,RS,37.5
2649,4304408,RS,141.0
2650,4304507,RS,395.0
2651,4304614,RS,300.5
2652,4304655,RS,186.0
2653,4304663,RS,184.5
2654,4304689,RS,169.0
2655,4304697,RS,155.0
2656,4304705,RS,49.0
2657,4304713,RS,156.5
2658,4304804,RS,276.0
2659,4304853,RS,139.5
2660,4304903,RS,35.0
2661,4304952,RS,9.0
2662,4305009,RS,1135.0
2663,4305108,RS,2076.5
2664,4305116,RS,820.0
2665,4305124,RS,45.5
2666,4305132,RS,267.5
2667,4305157,RS,245.0
2668,4305173,RS,85.5
2669,4305207,RS,212.5
2670,4305306,RS,675.0
2671,4305355,RS,104.0
2672,4305371,RS,270.0
2673,4305405,RS,70.0
2674,4305447,RS,195.5
2675,4305504,RS,52.0
2676,4305587,RS,130.0
2677,4305603,RS,202.5
2678,4305702,RS,32.0
2679,4305801,RS,1420.0
2680,4305835,RS,95.0
2681,4305850,RS,112.5
2682,4305871,RS,75.0
2683,4305900,RS,73.0
2684,4305934,RS,409.0
2685,4305959,RS,1179.0
2686,4305975,RS,19.5
2687,4306007,RS,356.0
2688,4306056,RS,117.0
2689,4306072,RS,138.0
2690,4306106,RS,83.0
2691,4306130,RS,90.0
2692,4306205,RS,304.0
2693,4306304,RS,90.0
2694,4306320,RS,87.5
2695,4306353,RS,62.0
2696,4306379,RS,140.0
2697,4306403,RS,167.5
2698,4306429,RS,9.5
2699,4306452,RS,712.5
2700,4306502,RS,466.5
2701,4306551,RS,87.5
2702,4306601,RS,5.0
2703,4306700,RS,50.0
2704,4306734,RS,40.0
2705,4306759,RS,107.5
2706,4306767,RS,68.5
2707,4306809,RS,276.0
2708,4306908,RS,285.0
2709,4306924,RS,150.5
2710,4306932,RS,206.0
2711,4306973,RS,27.5
2712,4307005,RS,775.5
2713,4307054,RS,25.0
2714,4307104,RS,20.0
2715,4307203,RS,975.0
2716,4307302,RS,125.0
2717,4307450,RS,148.5
2718,4307500,RS,814.0
2719,4307559,RS,20.0
2720,4307609,RS,154.5
2721,4307807,RS,349.5
2722,4307815,RS,214.5
2723,4307831,RS,44.5
2724,4307864,RS,158.0
2725,4307906,RS,1962.5
2726,4308003,RS,127.0
2727,4308078,RS,335.0
2728,4308102,RS,54.0
2729,4308201,RS,306.0
2730,4308250,RS,145.0
2731,4308409,RS,291.0
2732,4308433,RS,56.0
2733,4308458,RS,187.5
2734,4308508,RS,443.0
2735,4308607,RS,336.5
2736,4308656,RS,135.0
2737,4308706,RS,375.0
2738,4308805,RS,79.0
2739,4308854,RS,20.0
2740,4308904,RS,121.0
2741,4309001,RS,178.5
2742,4309050,RS,252.5
2743,4309100,RS,166.0
2744,4309126,RS,318.0
2745,4309159,RS,138.0
2746,4309209,RS,10.5
2747,4309258,RS,127.5
2748,4309407,RS,1773.0
2749,4309506,RS,332.0
2750,4309555,RS,10550.0
2751,4309571,RS,47.5
2752,4309605,RS,165.5
2753,4309654,RS,66.0
2754,4309704,RS,190.0
2755,4309753,RS,307.0
2756,4309803,RS,81.0
2757,4309902,RS,112.5
2758,4309951,RS,45.5
2759,4310009,RS,250.0
2760,4310108,RS,83.5
2761,4310207,RS,1141.0
2762,4310306,RS,675.0
2763,4310363,RS,588.0
2764,4310405,RS,115.0
2765,4310413,RS,25.0
2766,4310439,RS,82.5
2767,4310462,RS,8.0
2768,4310504,RS,590.0
2769,4310538,RS,81.0
2770,4310553,RS,146.5
2771,4310579,RS,154.0
2772,4310603,RS,116.0
2773,4310652,RS,297.0
2774,4310702,RS,7555.0
2775,4310751,RS,626.0
2776,4310801,RS,221.0
2777,4310850,RS,197.5
2778,4310876,RS,226.5
2779,4310900,RS,152.5
2780,4311106,RS,748.0
2781,4311122,RS,18.0
2782,4311130,RS,310.0
2783,4311155,RS,255.0
2784,4311205,RS,259.5
2785,4311239,RS,185.0
2786,4311254,RS,219.0
2787,4311270,RS,26.5
2788,4311304,RS,257.5
2789,4311403,RS,111.5
2790,4311429,RS,67.0
2791,4311502,RS,8.5
2792,4311601,RS,8631.5
2793,4311627,RS,1150.5
2794,4311643,RS,126.0
2795,4311700,RS,95.5
2796,4311718,RS,19.5
2797,4311734,RS,935.0
2798,4311759,RS,96.5
2799,4311775,RS,375.0
2800,4311791,RS,2494.5
2801,4311809,RS,160.0
2802,4311908,RS,2485.0
2803,4311981,RS,184.5
2804,4312005,RS,3648.0
2805,4312054,RS,170.0
2806,4312104,RS,45.0
2807,4312138,RS,30.0
2808,4312153,RS,261.0
2809,4312179,RS,42.0
2810,4312203,RS,1325.0
2811,4312302,RS,357.0
2812,4312351,RS,51.0
2813,4312377,RS,290.0
2814,4312385,RS,141.5
2815,4312401,RS,25310.0
2816,4312427,RS,54.0
2817,4312443,RS,64.5
2818,4312450,RS,9.0
2819,4312476,RS,352.5
2820,4312609,RS,349.0
2821,4312658,RS,104.0
2822,4312674,RS,96.0
2823,4312708,RS,407.5
2824,4312757,RS,229.0
2825,4312807,RS,96.0
2826,4312906,RS,394.5
2827,4312955,RS,360.0
2828,4313003,RS,204.0
2829,4313011,RS,87.5
2830,4313037,RS,134.5
2831,4313060,RS,147.0
2832,4313086,RS,121.0
2833,4313102,RS,522.0
2834,4313201,RS,336.0
2835,4313300,RS,178.0
2836,4313334,RS,18.5
2837,4313359,RS,1123.5
2838,4313375,RS,5.5
2839,4313391,RS,144.0
2840,4313409,RS,2222.0
2841,4313425,RS,77.0
2842,4313441,RS,225.0
2843,4313466,RS,464.0
2844,4313490,RS,64.0
2845,4313508,RS,183.0
2846,4313607,RS,440.0
2847,4313706,RS,362.5
2848,4313805,RS,125.5
2849,4313904,RS,360.0
2850,4313953,RS,60.0
2851,4314001,RS,35.5
2852,4314027,RS,279.0
2853,4314035,RS,15195.0
2854,4314050,RS,63.0
2855,4314068,RS,99.5
2856,4314076,RS,102.0
2857,4314100,RS,130.0
2858,4314134,RS,133.0
2859,4314159,RS,750.0
2860,4314175,RS,24.0
2861,4314308,RS,50.0
2862,4314407,RS,920.0
2863,4314423,RS,226.0
2864,4314456,RS,39.0
2865,4314464,RS,75.0
2866,4314472,RS,136.0
2867,4314498,RS,508.5
2868,4314506,RS,92.5
2869,4314548,RS,485.0
2870,4314555,RS,125.5
2871,4314605,RS,50.0
2872,4314704,RS,3060.5
2873,4314753,RS,260.0
2874,4314779,RS,90.5
2875,4314787,RS,40.0
2876,4314803,RS,3686.5
2877,4315008,RS,223.5
2878,4315057,RS,205.5
2879,4315073,RS,407.0
2880,4315107,RS,228.5
2881,4315149,RS,550.5
2882,4315156,RS,200.0
2883,4315172,RS,348.0
2884,4315206,RS,556.0
2885,4315305,RS,284.0
2886,4315321,RS,186.5
2887,4315354,RS,70.0
2888,4315404,RS,160.5
2889,4315453,RS,454.0
2890,4315503,RS,685.0
2891,4315552,RS,650.0
2892,4315701,RS,175.0
2893,4315750,RS,210.5
2894,4315800,RS,1585.0
2895,4315909,RS,851.5
2896,4315958,RS,72.0
2897,4316006,RS,649.0
2898,4316105,RS,204.0
2899,4316204,RS,690.0
2900,4316303,RS,308.0
2901,4316402,RS,7040.0
2902,4316428,RS,25.0
2903,4316436,RS,165.0
2904,4316451,RS,120.0
2905,4316477,RS,175.0
2906,4316501,RS,336.5
2907,4316600,RS,200.0
2908,4316709,RS,184.0
2909,4316733,RS,48.5
2910,4316758,RS,300.0
2911,4316808,RS,424.5
2912,4316907,RS,587.0
2913,4316956,RS,556.5
2914,4316972,RS,2473.5
2915,4317004,RS,455.5
2916,4317103,RS,511.0
2917,4317202,RS,250.0
2918,4317251,RS,345.0
2919,4317400,RS,553.5
2920,4317509,RS,327.0
2921,4317608,RS,726.5
2922,4317707,RS,124.0
2923,4317756,RS,30.0
2924,4317806,RS,112.0
2925,4317905,RS,202.0
2926,4318002,RS,7.5
2927,4318101,RS,124.0
2928,4318200,RS,137.5
2929,4318309,RS,975.0
2930,4318408,RS,56.5
2931,4318424,RS,336.0
2932,4318432,RS,100.0
2933,4318440,RS,31.0
2934,4318457,RS,268.0
2935,4318465,RS,52.5
2936,4318481,RS,3982.5
2937,4318499,RS,98.5
2938,4318606,RS,74.5
2939,4318614,RS,8620.0
2940,4318705,RS,137.5
2941,4318804,RS,7.5
2942,4318903,RS,188.0
2943,4319000,RS,473.0
2944,4319109,RS,89.5
2945,4319125,RS,194.5
2946,4319158,RS,141.5
2947,4319208,RS,186.0
2948,4319307,RS,200.5
2949,4319356,RS,39.0
2950,4319364,RS,23.0
2951,4319372,RS,168.0
2952,4319406,RS,1000.5
2953,4319505,RS,7962.0
2954,4319604,RS,627.5
2955,4319703,RS,316.5
2956,4319711,RS,367.5
2957,4319737,RS,31.0
2958,4319752,RS,53.5
2959,4319802,RS,53.0
2960,4319901,RS,125.0
2961,4320107,RS,325.0
2962,4320206,RS,750.0
2963,4320230,RS,57.5
2964,4320263,RS,139.5
2965,4320305,RS,19.5
2966,4320321,RS,50.5
2967,4320354,RS,263.0
2968,4320404,RS,97.0
2969,4320453,RS,85.0
2970,4320503,RS,122.5
2971,4320552,RS,299.5
2972,4320578,RS,79.0
2973,4320602,RS,2950.0
2974,4320651,RS,79.0
2975,4320677,RS,345.0
2976,4320701,RS,120.0
2977,4320800,RS,37.5
2978,4320859,RS,22.0
2979,4320909,RS,116.0
2980,4321006,RS,24.0
2981,4321105,RS,20.5
2982,4321204,RS,975.0
2983,4321303,RS,122.0
2984,4321329,RS,91.5
2985,4321402,RS,191.5
2986,4321436,RS,292.0
2987,4321451,RS,549.0
2988,4321469,RS,99.0
2989,4321477,RS,232.5
2990,4321493,RS,133.5
2991,4321501,RS,1109.5
2992,4321626,RS,141.0
2993,4321634,RS,641.5
2994,4321667,RS,176.5
2995,4321709,RS,360.5
2996,4321808,RS,139.5
2997,4321832,RS,221.0
2998,4321857,RS,529.5
2999,4321907,RS,330.0
3000,4321956,RS,140.5
3001,4322004,RS,5800.0
3002,4322103,RS,238.0
3003,4322152,RS,139.5
3004,4322186,RS,10.0
3005,4322202,RS,393.5
3006,4322251,RS,7075.0
3007,4322301,RS,75.5
3008,4322327,RS,30.0
3009,4322343,RS,63.5
3010,4322350,RS,215.5
3011,4322376,RS,181.5
3012,4322400,RS,2115.0
3013,4322509,RS,76.0
3014,4322525,RS,35.5
3015,4322533,RS,240.0
3016,4322541,RS,534.0
3017,4322608,RS,2131.5
3018,4322707,RS,322.5
3019,4322806,RS,3764.0
3020,4322855,RS,236.5
3021,4322905,RS,862.5
3022,4323101,RS,760.0
3023,4323200,RS,15.0
3024,4323309,RS,65.0
3025,4323358,RS,80.0
3026,4323408,RS,25.5
3027,4323457,RS,137.5
3028,4323507,RS,75.5
3029,4323606,RS,31.0
3030,4323705,RS,47.0
3031,4323754,RS,116.0
3032,4323770,RS,34.5
3033,5000252,MS,127.5
3034,5000807,MS,7.0
3035,5000856,MS,2.5
3036,5001003,MS,8428.5
3037,5001102,MS,11.5
3038,5001508,MS,5.5
3039,5002001,MS,5.0
3040,5002100,MS,17.5
3041,5002209,MS,32.0
3042,5002704,MS,371.0
3043,5003108,MS,8.0
3044,5003207,MS,47.0
3045,5003306,MS,6.5
3046,5003488,MS,3144.0
3047,5003702,MS,12.5
3048,5003900,MS,40.0
3049,5004403,MS,75.0
3050,5004601,MS,0.5
3051,5004908,MS,817.0
3052,5005004,MS,37.5
3053,5005202,MS,2.5
3054,5006002,MS,8.5
3055,5006200,MS,21.0
3056,5006606,MS,76.0
3057,5007109,MS,16.0
3058,5007307,MS,240.0
3059,5007406,MS,5.0
3060,5007802,MS,71.5
3061,5007901,MS,129.5
3062,5007976,MS,10.0
3063,5008008,MS,444.0
3064,5008305,MS,2491.0
3065,5100250,MT,115.0
3066,5100300,MT,15.0
3067,5100805,MT,28.5
3068,5101209,MT,12.0
3069,5101407,MT,77.0
3070,5101605,MT,80.0
3071,5101902,MT,80.5
3072,5102504,MT,288.0
3073,5102637,MT,53.0
3074,5102678,MT,240.0
3075,5102702,MT,132.0
3076,5102793,MT,162.5
3077,5102850,MT,17.5
3078,5103007,MT,283.0
3079,5103205,MT,290.0
3080,5103254,MT,139.0
3081,5103304,MT,200.0
3082,5103379,MT,93.0
3083,5103437,MT,124.0
3084,5103452,MT,15.0
3085,5103502,MT,73.0
3086,5103957,MT,70.5
3087,5104104,MT,436.5
3088,5104526,MT,345.5
3089,5104906,MT,250.0
3090,5105002,MT,43.0
3091,5105150,MT,119.5
3092,5105176,MT,52.5
3093,5105200,MT,54.0
3094,5105234,MT,41.5
3095,5105259,MT,68.0
3096,5105580,MT,45.0
3097,5105606,MT,110.0
3098,5105903,MT,28.5
3099,5106208,MT,110.0
3100,5106216,MT,15.0
3101,5106224,MT,80.0
3102,5106232,MT,41.5
3103,5106265,MT,195.0
3104,5106273,MT,100.0
3105,5106299,MT,51.0
3106,5106372,MT,5.0
3107,5106422,MT,110.0
3108,5106752,MT,180.0
3109,5106828,MT,355.0
3110,5106851,MT,60.0
3111,5107008,MT,43.0
3112,5107065,MT,15.0
3113,5107107,MT,224.0
3114,5107305,MT,48.0
3115,5107602,MT,8.5
3116,5107701,MT,30.5
3117,5107800,MT,80.0
3118,5107909,MT,210.0
3119,5107958,MT,179.0
3120,5108055,MT,180.0
3121,5108808,MT,28.5
3122,5108857,MT,31.0
3123,5200050,GO,257.5
3124,5200100,GO,1611.5
3125,5200175,GO,8920.0
3126,5200258,GO,14.0
3127,5200308,GO,475.0
3128,5200803,GO,897.5
3129,5201108,GO,5820.0
3130,5201801,GO,22.5
3131,5202809,GO,139.0
3132,5203302,GO,513.0
3133,5203559,GO,1845.0
3134,5203609,GO,965.0
3135,5203906,GO,83.0
3136,5204003,GO,32.0
3137,5204250,GO,200.0
3138,5204508,GO,6109.5
3139,5204557,GO,117.0
3140,5204805,GO,102.0
3141,5204854,GO,1632.0
3142,5205000,GO,1605.0
3143,5205109,GO,3716.5
3144,5205455,GO,50.0
3145,5205497,GO,139.0
3146,5206503,GO,185.0
3147,5206800,GO,190.0
3148,5207535,GO,70.0
3149,5207907,GO,24.0
3150,5208004,GO,475.0
3151,5208152,GO,1680.0
3152,5208400,GO,5073.5
3153,5208707,GO,60.0
3154,5209101,GO,392.0
3155,5209200,GO,40.5
3156,5209291,GO,82.5
3157,5209705,GO,12125.0
3158,5209903,GO,7.5
3159,5209937,GO,750.0
3160,5209952,GO,1020.0
3161,5210000,GO,4172.5
3162,5210406,GO,14285.0
3163,5211206,GO,750.0
3164,5211404,GO,105.0
3165,5211503,GO,225.0
3166,5211800,GO,174.5
3167,5212303,GO,1984.5
3168,5212600,GO,213.5
3169,5212709,GO,1.5
3170,5212907,GO,1796.5
3171,5213806,GO,2174.0
3172,5214507,GO,2154.5
3173,5215405,GO,312.0
3174,5215702,GO,567.0
3175,5215801,GO,313.5
3176,5216007,GO,60.0
3177,5216403,GO,500.0
3178,5217104,GO,805.5
3179,5217302,GO,2037.5
3180,5217609,GO,70.0
3181,5217708,GO,2507.0
3182,5218789,GO,25.0
3183,5218805,GO,4221.0
3184,5219357,GO,325.5
3185,5219803,GO,10.0
3186,5219902,GO,71.0
3187,5220280,GO,267.0
3188,5220454,GO,523.5
3189,5220603,GO,600.5
3190,5220702,GO,1632.0
3191,5221197,GO,927.5
3192,5222005,GO,220.0
3193,5300108,DF,5569.0
